State,Time,Total_listed,Listed_only,Count_fent_listed,P100_fent,Total_other,Other_only,Count_fent_only,Count_fent_other,P100_fent_only,P100_fent_all
0.US,2013,1203805,1203670,135,0.011214440877052347,382390,381484,891,15,0.056172160421637946,0.06562875308521336
0.US,2014,1230506,1228915,1591,0.12929640326824898,374027,370026,3877,124,0.24162793784858272,0.3485126201829442
0.US,2015,1211844,1207565,4279,0.3530982535705916,368216,355469,12475,272,0.7895269799881017,1.0775540169360658
0.US,2016,1266400,1254222,12178,0.9616234996841441,407856,377853,29187,816,1.743281792031804,2.519387716095985
0.US,2017,1276578,1250673,25905,2.0292532066195723,455567,404769,48717,2081,2.8125243556399724,4.428208954793045
0.US,2018,1273451,1239720,33731,2.648786643537914,458390,395697,58890,3803,3.400427637410132,5.567716666830269
0.US,2019,1208916,1173559,35357,2.924686247845177,464545,385549,73587,5409,4.3972939913150055,6.8333232743398264
0.US,2020,974043,943909,30134,3.093703255400429,464717,363405,91284,10028,6.344630098140065,9.136061608607413
0.US,2021,915047,885195,29852,3.2623460871408794,506163,359929,129417,16817,9.10611380443425,12.389864974212115
0.US,2022,748551,724907,23644,3.1586358177331935,441984,280690,143292,18002,12.03593342488881,15.534024619183812
0.US,2023,631066,612973,18093,2.8670535253048017,394858,247802,126488,20568,12.329178379685045,16.097586175974048
AK,2013,1836,1836,0,0,263,261,2,0,0.09528346831824679,0.09528346831824679
AL,2013,25893,25893,0,0,18355,18347,8,0,0.01807991321641656,0.01807991321641656
AR,2013,17524,17524,0,0,7683,7674,9,0,0.03570436783433173,0.03570436783433173
AZ,2013,30508,30508,0,0,5469,5459,10,0,0.027795536036912472,0.027795536036912472
CA,2013,121514,121514,0,0,34374,34336,33,5,0.021169044442163606,0.024376475418249
CO,2013,11256,11256,0,0,1839,1831,8,0,0.06109201985490645,0.06109201985490645
CT,2013,1035,1033,2,0.1932367149758454,464,464,0,0,0,0.13342228152101399
DC,2013,2739,2739,0,0,428,427,1,0,0.031575623618566466,0.031575623618566466
DE,2013,2406,2406,0,0,287,286,1,0,0.03713330857779428,0.03713330857779428
FL,2013,55085,55077,8,0.014523009893800492,24223,24197,26,0,0.03278357794926111,0.04287083270287991
GA,2013,26761,26761,0,0,14349,14327,22,0,0.053514959863780104,0.053514959863780104
HI,2013,2862,2862,0,0,270,270,0,0,0,0
IA,2013,15138,15136,2,0.01321178491214163,4387,4382,5,0,0.02560819462227913,0.03585147247119078
ID,2013,5402,5402,0,0,2227,2219,8,0,0.10486302267662866,0.10486302267662866
IL,2013,84708,84706,2,0.0023610520848089908,4085,4045,34,6,0.03829130674715349,0.04730102598177784
IN,2013,25195,25195,0,0,11488,11465,23,0,0.0626993430199275,0.0626993430199275
KS,2013,15738,15737,1,0.006354047528275512,3958,3942,16,0,0.08123476848090982,0.08631194151096669
KY,2013,23740,23738,2,0.008424599831508003,18242,18219,23,0,0.054785384212281456,0.05954933066552332
LA,2013,38731,38731,0,0,15410,15393,17,0,0.03139949391403927,0.03139949391403927
MA,2013,30853,30841,12,0.038894110783392215,4458,4435,23,0,0.06513551018096343,0.09911925462320523
MD,2013,68673,68660,13,0.018930292837068426,28832,28785,47,0,0.04820265627403723,0.06153530588174966
ME,2013,978,978,0,0,288,285,3,0,0.23696682464454977,0.23696682464454977
MI,2013,30750,30750,0,0,4391,4365,26,0,0.07398764975384878,0.07398764975384878
MN,2013,6613,6613,0,0,3080,3072,8,0,0.08253378726916331,0.08253378726916331
MO,2013,32380,32380,0,0,8366,8329,37,0,0.09080645952976979,0.09080645952976979
MS,2013,16647,16647,0,0,4017,3992,25,0,0.12098335269066977,0.12098335269066977
MT,2013,1951,1951,0,0,242,237,5,0,0.22799817601459188,0.22799817601459188
NC,2013,8411,8411,0,0,14402,14390,12,0,0.05260158681453558,0.05260158681453558
ND,2013,8761,8761,0,0,1541,1531,10,0,0.09706853038245,0.09706853038245
NE,2013,5144,5143,1,0.019440124416796267,2032,2027,5,0,0.06967670011148272,0.08361204013377926
NH,2013,5939,5937,2,0.03367570298029971,1135,1121,14,0,0.19790783149561775,0.22618037885213457
NJ,2013,52730,52727,3,0.005689360895126114,6691,6679,11,1,0.01851197388128776,0.025243600747210583
NM,2013,10864,10864,0,0,1762,1762,0,0,0,0
NV,2013,3179,3179,0,0,1660,1657,3,0,0.06199628022318661,0.06199628022318661
NY,2013,18827,18823,4,0.021246082753492324,2640,2617,23,0,0.10714119345972889,0.12577444449620348
OH,2013,79588,79569,19,0.023872945670201536,28879,28787,92,0,0.08481842403680381,0.10233527247918721
OK,2013,30509,30509,0,0,12526,12508,18,0,0.04182642035552457,0.04182642035552457
OR,2013,15148,15146,2,0.013203063110641669,6582,6576,6,0,0.027611596870685685,0.03681546249424759
PA,2013,63198,63179,19,0.030064242539320867,13799,13732,65,2,0.08441887346260243,0.11169266335052015
RI,2013,97,97,0,0,35,35,0,0,0,0
SC,2013,13960,13960,0,0,2124,2111,13,0,0.08082566525739865,0.08082566525739865
SD,2013,942,942,0,0,154,153,1,0,0.09124087591240876,0.09124087591240876
TN,2013,27845,27845,0,0,5654,5640,14,0,0.04179229230723305,0.04179229230723305
TX,2013,74465,74465,0,0,37782,37766,16,0,0.01425427851078425,0.01425427851078425
UT,2013,7410,7410,0,0,2800,2781,19,0,0.1860920666013712,0.1860920666013712
VA,2013,44495,44456,39,0.08765029778626812,10772,10673,99,0,0.17913040331481717,0.24969692583277545
VT,2013,3240,3240,0,0,357,356,1,0,0.027800945232137893,0.027800945232137893
WA,2013,11169,11169,0,0,2193,2180,13,0,0.0972908247268373,0.0972908247268373
WI,2013,8812,8811,1,0.011348161597821153,2044,2015,28,1,0.2579218865143699,0.2763448784082535
WV,2013,7634,7631,3,0.03929787791459261,2510,2509,1,0,0.009858044164037854,0.03943217665615142
WY,2013,4522,4522,0,0,841,834,7,0,0.13052396046988626,0.13052396046988626
AK,2014,1759,1759,0,0,64,60,4,0,0.21941854086670326,0.21941854086670326
AL,2014,23488,23485,3,0.012772479564032697,18002,17971,29,2,0.06989636056881177,0.0819474572186069
AR,2014,27804,27803,1,0.0035966048050640196,10247,10233,14,0,0.036792725552547895,0.03942077737772989
AZ,2014,33734,33734,0,0,5078,5072,5,1,0.01288261362465217,0.015459136349582604
CA,2014,117452,117450,2,0.0017028232809998978,28761,28704,35,22,0.023937679960058272,0.0403520890755268
CO,2014,11781,11780,1,0.00848824378236143,1271,1258,13,0,0.099601593625498,0.10726325467361322
CT,2014,1059,1050,9,0.84985835694051,434,411,9,14,0.6028131279303416,2.1433355659745477
DC,2014,1349,1343,6,0.4447739065974796,243,241,1,1,0.06281407035175879,0.5025125628140703
DE,2014,301,299,2,0.6644518272425249,78,78,0,0,0,0.5277044854881267
FL,2014,55839,55686,153,0.27400204158383923,21510,21422,86,2,0.11118437213150784,0.3115748102755045
GA,2014,29421,29405,16,0.05438292376193875,13666,13624,42,0,0.09747719729848911,0.13461136769791351
HI,2014,3351,3351,0,0,104,104,0,0,0,0
IA,2014,15180,15178,2,0.013175230566534914,3937,3933,4,0,0.020923785112726894,0.03138567766909034
ID,2014,7167,7166,1,0.013952839402818475,3167,3158,9,0,0.08709115540932844,0.09676795045480936
IL,2014,78141,78119,22,0.028154234012874167,3657,3607,50,0,0.06112618890437419,0.08802171202229883
IN,2014,21049,21049,0,0,10281,10146,135,0,0.4308969039259496,0.4308969039259496
KS,2014,17312,17312,0,0,3970,3948,22,0,0.10337374306926041,0.10337374306926041
KY,2014,23949,23939,10,0.0417553968850474,19494,19271,223,0,0.5133162995189098,0.5363349676587713
LA,2014,39863,39862,1,0.0025085919273511777,17273,17247,25,1,0.04375525063007561,0.04725567068048166
MA,2014,34116,33813,303,0.8881463243053114,5381,4699,664,18,1.681140339772641,2.4938602931868243
MD,2014,55692,55614,78,0.1400560224089636,27299,27045,245,9,0.295212733910906,0.4000433781976359
ME,2014,1219,1218,1,0.08203445447087777,310,274,34,2,2.2236756049705693,2.419882275997384
MI,2014,31754,31749,5,0.015746047742016753,4027,3957,69,1,0.19283977529974008,0.20960845141276097
MN,2014,6557,6557,0,0,2341,2337,4,0,0.04495392222971454,0.04495392222971454
MO,2014,30121,30112,9,0.029879486072839547,6280,6205,75,0,0.20603829565121837,0.2307628911293646
MS,2014,17493,17491,2,0.011433144686446007,3200,3177,23,0,0.11114869762721694,0.12081380176871405
MT,2014,1878,1878,0,0,261,252,9,0,0.42075736325385693,0.42075736325385693
NC,2014,7473,7462,11,0.14719657433427003,12152,12130,19,3,0.09681528662420381,0.1681528662420382
ND,2014,10051,10051,0,0,1794,1788,6,0,0.05065428450823132,0.05065428450823132
NE,2014,4994,4994,0,0,1794,1792,2,0,0.02946375957572186,0.02946375957572186
NH,2014,5901,5831,70,1.1862396204033214,1176,1019,149,8,2.105411897696764,3.207573830719231
NJ,2014,53521,53400,121,0.22607948281982773,5662,5506,154,2,0.26020985756044807,0.468039808728858
NM,2014,9988,9987,1,0.010012014417300761,1997,1993,4,0,0.033375052148518984,0.041718815185648725
NV,2014,3195,3194,1,0.03129890453834116,1186,1166,13,7,0.2967359050445104,0.47934261584113214
NY,2014,17351,17330,21,0.12103048815630224,2798,2701,92,5,0.4565983423494962,0.5856370043178322
OH,2014,86363,86009,354,0.4098977571413684,23259,22235,1019,5,0.9295579354509133,1.257046943131853
OK,2014,31764,31764,0,0,14320,14305,15,0,0.0325492578769204,0.0325492578769204
OR,2014,15419,15417,2,0.012971009793112394,6434,6422,12,0,0.054912369011119753,0.06406443051297304
PA,2014,65932,65704,228,0.3458108354061761,15231,15020,207,4,0.2550423222404298,0.5408868573118293
RI,2014,1189,1183,6,0.5046257359125316,129,92,32,5,2.4279210925644916,3.2625189681335356
SC,2014,18603,18594,9,0.04837929366231253,2117,2097,20,0,0.09652509652509653,0.13996138996138996
SD,2014,1084,1084,0,0,129,127,2,0,0.16488046166529266,0.16488046166529266
TN,2014,26641,26641,0,0,4883,4843,40,0,0.1268874508311128,0.1268874508311128
TX,2014,96701,96701,0,0,48581,48547,34,0,0.02340276152586005,0.02340276152586005
UT,2014,8635,8635,0,0,3294,3280,14,0,0.11736105289630312,0.11736105289630312
VA,2014,43370,43274,96,0.22135116439935437,9456,9319,132,5,0.2498769545299663,0.44107068489001633
VT,2014,1831,1826,5,0.2730748225013654,305,294,10,1,0.46816479400749067,0.7490636704119851
WA,2014,11353,11351,2,0.017616489033735576,2227,2209,17,1,0.1251840942562592,0.14727540500736377
WI,2014,9895,9894,1,0.01010611419909045,2461,2420,40,1,0.32372936225315635,0.3399158303658142
WV,2014,6037,6001,36,0.5963226768262382,1661,1647,10,4,0.12990387113535984,0.6495193556767992
WY,2014,4386,4386,0,0,645,640,5,0,0.09938382031405286,0.09938382031405286
AK,2015,1622,1622,0,0,158,157,1,0,0.05617977528089888,0.05617977528089888
AL,2015,20578,20566,12,0.058314705024783746,16346,16227,111,8,0.30061748456288595,0.3547827970967392
AR,2015,30025,30025,0,0,9731,9633,97,1,0.2439883288057149,0.24650367240165008
AZ,2015,30596,30596,0,0,4687,4657,29,1,0.08219255732222316,0.08502678343678259
CA,2015,107800,107792,8,0.007421150278293135,21339,21209,94,36,0.07278978465064774,0.1068615987424403
CO,2015,12957,12957,0,0,1068,1047,21,0,0.1497326203208556,0.1497326203208556
CT,2015,1268,1234,34,2.6813880126182967,411,384,10,17,0.5955926146515783,3.633114949374628
DC,2015,1008,999,9,0.8928571428571428,209,207,2,0,0.16433853738701726,0.903861955628595
DE,2015,1380,1380,0,0,132,123,9,0,0.5952380952380952,0.5952380952380952
FL,2015,54796,54467,329,0.600408788962698,23365,23004,307,54,0.3927790074333747,0.8827932088893438
GA,2015,31664,31636,28,0.08842849924204144,13527,13465,61,1,0.13498262928459206,0.19915469894448012
HI,2015,3452,3452,0,0,259,222,37,0,0.9970358393963892,0.9970358393963892
IA,2015,15661,15657,4,0.02554115318306622,3294,3237,56,1,0.29543656027433396,0.32181482458454236
ID,2015,7545,7545,0,0,3378,3361,16,1,0.1464799047880619,0.15563489883731577
IL,2015,73856,73555,301,0.40754982668977474,3413,3270,137,6,0.17730266989348897,0.5746159520635701
IN,2015,22980,22980,0,0,10585,10332,253,0,0.7537613585580217,0.7537613585580217
KS,2015,17899,17898,1,0.005586904296329404,3318,3300,16,2,0.07541122684639676,0.08955083188009615
KY,2015,23374,23091,283,1.210746983828185,18761,18527,231,3,0.5482378070487718,1.227008425299632
LA,2015,42809,42809,0,0,15580,15535,40,5,0.06850605422254193,0.07706931100035966
MA,2015,29192,28964,228,0.7810359002466429,6543,3635,2889,19,8.084510983629494,8.775710088148873
MD,2015,36951,36764,187,0.5060756136505101,22501,22074,420,7,0.7064522640113032,1.0327659288165243
ME,2015,1045,1040,5,0.4784688995215311,343,199,139,5,10.014409221902017,10.734870317002882
MI,2015,30800,30789,11,0.03571428571428571,4138,3881,256,1,0.7327265441639476,0.7670731009216326
MN,2015,7588,7575,13,0.1713231418028466,2804,2797,7,0,0.06735950731331794,0.1924557351809084
MO,2015,33897,33843,54,0.15930613328613152,5943,5677,260,6,0.6526104417670683,0.8032128514056224
MS,2015,17277,17277,0,0,3351,3326,25,0,0.12119449292224162,0.12119449292224162
MT,2015,2869,2869,0,0,340,329,11,0,0.3427859146151449,0.3427859146151449
NC,2015,8572,8558,14,0.16332244517032196,14363,14334,26,3,0.11336385437104861,0.18748637453673425
ND,2015,10637,10637,0,0,1495,1468,22,5,0.1813386086383119,0.22255192878338279
NE,2015,5568,5568,0,0,1719,1715,4,0,0.05489227391244682,0.05489227391244682
NH,2015,5828,5470,358,6.142759094028826,1591,778,792,21,10.675293166194905,15.783798355573527
NJ,2015,53580,53477,103,0.19223590892123926,5522,4443,1074,5,1.8171973875672567,1.999932320395249
NM,2015,10015,10015,0,0,1969,1965,4,0,0.03337783711615487,0.03337783711615487
NV,2015,2767,2767,0,0,861,842,17,2,0.4685777287761852,0.5237045203969128
NY,2015,16615,16568,47,0.28287691844718627,2947,2685,253,9,1.2933237910234128,1.5795930886412433
OH,2015,90510,89486,1024,1.1313666998121754,28383,25161,3203,19,2.6940189918666366,3.57127837635521
OK,2015,34343,34343,0,0,12741,12714,26,1,0.05522045705547532,0.05734432078837822
OR,2015,15051,15046,5,0.03322038402763936,5263,5232,31,0,0.1526041153884021,0.17721768238653146
PA,2015,64452,63753,699,1.0845280208527275,15866,15343,519,4,0.6461814288204387,1.5214522273961004
RI,2015,2716,2705,11,0.40500736377025043,311,140,163,8,5.3848695077634625,6.012553683515032
SC,2015,20356,20268,88,0.4323049715071723,2139,2079,60,0,0.26672593909757725,0.6579239831073571
SD,2015,893,893,0,0,107,107,0,0,0,0
TN,2015,28932,28926,6,0.020738282870178346,6582,6445,136,1,0.38294756997240526,0.4026581066621614
TX,2015,100819,100819,0,0,51851,51782,67,2,0.04388550468330386,0.04519551974847711
UT,2015,8180,8180,0,0,2857,2837,20,0,0.1812086617740328,0.1812086617740328
VA,2015,38208,37905,303,0.7930276381909548,8362,8044,304,14,0.6527807601460167,1.3334764870088038
VT,2015,1801,1768,33,1.8323153803442533,469,424,45,0,1.9823788546255507,3.4361233480176208
WA,2015,11736,11735,1,0.008520790729379687,2245,2227,18,0,0.1287461554967456,0.13589871969100922
WI,2015,10260,10255,5,0.04873294346978557,2683,2602,81,0,0.6258209070540061,0.6644518272425249
WV,2015,4656,4581,75,1.610824742268041,1712,1634,74,4,1.1620603015075377,2.402638190954774
WY,2015,4460,4460,0,0,654,653,1,0,0.01955416503715291,0.01955416503715291
AK,2016,1419,1416,3,0.21141649048625794,38,29,9,0,0.6177076183939602,0.8236101578586137
AL,2016,23470,23458,12,0.05112910097997443,17705,17542,152,11,0.3691560412871888,0.42501517911353975
AR,2016,33567,33567,0,0,7116,7049,66,1,0.1622299240468992,0.16468795319912494
AZ,2016,29522,29509,13,0.04403495698123434,4468,4386,67,15,0.19711679905854662,0.2794939688143572
CA,2016,121058,121000,58,0.047910918733169224,25384,25123,217,44,0.1481815326204231,0.21783368159407818
CO,2016,17388,17383,5,0.028755463538072235,1261,1236,24,1,0.12869322751890183,0.16086653439862728
CT,2016,1465,1303,162,11.058020477815699,426,312,97,17,5.129561078794289,14.595452141723955
DC,2016,1990,1903,87,4.371859296482413,725,705,9,11,0.3314917127071823,3.9410681399631677
DE,2016,1640,1627,13,0.7926829268292683,343,324,16,3,0.8068582955118508,1.6137165910237017
FL,2016,54130,53203,927,1.7125438758544245,27327,26667,583,77,0.7157150398369693,1.9482671839129848
GA,2016,32822,32812,10,0.03046736944732192,13565,13451,113,1,0.24360273352447884,0.2673162739560653
HI,2016,2207,2207,0,0,96,90,6,0,0.26052974381241856,0.26052974381241856
IA,2016,17269,17269,0,0,3597,3484,113,0,0.5415508482699127,0.5415508482699127
ID,2016,8624,8621,3,0.03478664192949907,3753,3737,16,0,0.1292720368425305,0.15351054375050496
IL,2016,57903,56725,1178,2.0344369030965583,3366,2880,479,7,0.7817982993030733,2.715892213027795
IN,2016,24419,24406,13,0.05323723330193701,12244,11545,692,7,1.8874614734200692,1.9420123830564875
KS,2016,23633,23633,0,0,3232,3200,30,2,0.11166945840312675,0.11911408896333521
KY,2016,23799,23133,666,2.7984369091138284,20706,20202,477,27,1.0717896865520726,2.62891809908999
LA,2016,47642,47635,7,0.014692918013517485,15595,15446,143,6,0.22613343453990542,0.24669101949807865
MA,2016,28959,28421,538,1.8577989571463103,10783,4410,6313,60,15.88495797896432,17.38966332846862
MD,2016,35601,34862,739,2.075784388078987,19863,18884,921,58,1.6605365642578969,3.097504687725371
ME,2016,1003,942,61,6.0817547357926225,367,165,194,8,14.16058394160584,19.197080291970803
MI,2016,27540,27503,37,0.13435003631082063,5297,4807,479,11,1.4587203459512135,1.6048969150653225
MN,2016,8362,8296,66,0.7892848600813203,2889,2837,48,4,0.42662874411163454,1.0487956626077684
MO,2016,35754,35594,160,0.4475023773563797,5420,4872,528,20,1.282362656045077,1.7195317433331716
MS,2016,21015,21002,13,0.06186057577920533,2891,2839,52,0,0.2175186145737472,0.271898268217184
MT,2016,3127,3126,1,0.03197953309881676,317,307,10,0,0.29036004645760743,0.3193960511033682
NC,2016,9814,9742,72,0.7336458121051559,13771,13714,35,22,0.1483994064023744,0.5469578121687514
ND,2016,11260,11225,35,0.3108348134991119,1435,1353,77,5,0.6065380070894053,0.9216226860968886
NE,2016,7247,7246,1,0.013798813302056023,2296,2287,8,1,0.0838310803730483,0.1047888504663104
NH,2016,5238,4880,358,6.83466972126766,1911,648,1225,38,17.135263673241013,22.67449993006015
NJ,2016,62692,62300,392,0.6252791424743189,15839,13277,2527,35,3.217837541862449,3.761571863340592
NM,2016,10763,10754,9,0.0836198086035492,1661,1647,11,3,0.08853831294269157,0.1851255634256278
NV,2016,2630,2629,1,0.03802281368821293,773,766,7,0,0.2057008521892448,0.23508668821627976
NY,2016,17318,17235,83,0.4792701235708512,3973,3154,781,38,3.6682166173500543,4.2365318679254145
OH,2016,89985,87314,2671,2.968272489859421,37126,28257,8778,91,6.905775267286073,9.078679264579776
OK,2016,40194,40187,7,0.017415534656913968,13211,13185,25,1,0.04681209624566988,0.06179196704428424
OR,2016,13843,13826,17,0.12280575019865637,3194,3160,34,0,0.1995656512296766,0.2993484768445149
PA,2016,61941,59679,2262,3.651862256017823,14721,13263,1352,106,1.7635856095588427,4.852469280738828
RI,2016,2817,2801,16,0.5679801206957756,763,287,472,4,13.184357541899441,13.743016759776536
SC,2016,19405,19300,105,0.541097655243494,2708,2570,126,12,0.5698005698005698,1.098901098901099
SD,2016,1160,1160,0,0,120,119,1,0,0.078125,0.078125
TN,2016,32835,32759,76,0.23146033196284455,7913,7592,312,9,0.7656817512515951,0.9742809463041131
TX,2016,108679,108655,24,0.022083383174302303,57369,57153,207,9,0.12466274812102524,0.14453651956060898
UT,2016,4255,4255,0,0,1365,1317,48,0,0.8540925266903915,0.8540925266903915
VA,2016,42474,41464,1010,2.377925319018694,10018,9289,696,33,1.325916330107445,3.312885773070182
VT,2016,2174,2056,118,5.427782888684453,429,342,83,4,3.1886285055704953,7.875528236650019
WA,2016,13232,13221,11,0.08313180169286577,2481,2419,61,1,0.38821358111118187,0.46458346591993893
WI,2016,10815,10803,12,0.11095700416088765,2945,2575,368,2,2.6744186046511627,2.7761627906976742
WV,2016,4674,4548,126,2.6957637997432604,2163,2063,89,11,1.3017405294719906,3.305543366973819
WY,2016,5627,5627,0,0,897,887,10,0,0.15328019619865113,0.15328019619865113
AK,2017,1506,1506,0,0,47,43,4,0,0.25756600128783,0.25756600128783
AL,2017,29999,29969,30,0.10000333344444814,19793,19466,314,13,0.6306233933161953,0.71698264781491
AR,2017,34400,34397,3,0.00872093023255814,6580,6405,174,1,0.42459736456808195,0.4343582235236701
AZ,2017,30395,30359,36,0.11844053298239843,4414,4037,317,60,0.9106840185009624,1.1864747622741245
CA,2017,106503,106314,189,0.17745978986507424,19402,18784,512,106,0.4066558119216869,0.6409594535562527
CO,2017,15597,15583,14,0.08976085144579087,1197,1162,34,1,0.20245325711563653,0.2917708705490056
CT,2017,1522,1199,323,21.222076215505915,529,329,161,39,7.849829351535837,25.499756216479767
DC,2017,2068,1948,120,5.802707930367505,672,638,18,16,0.656934306569343,5.62043795620438
DE,2017,1955,1916,39,1.9948849104859334,259,205,46,8,2.077687443541102,4.200542005420054
FL,2017,56182,54929,1253,2.2302516820333915,28757,27394,1198,165,1.4104239513062315,3.07985730936319
GA,2017,32472,32455,17,0.05235279625523528,17983,17732,245,6,0.4855812109800813,0.5311663858884155
HI,2017,1673,1673,0,0,358,355,3,0,0.14771048744460857,0.14771048744460857
IA,2017,20079,20060,19,0.0946262264056975,3689,3287,395,7,1.6618983507236622,1.77128912823965
ID,2017,9925,9921,4,0.04030226700251889,4174,4154,13,7,0.09220512093056245,0.17022483864103838
IL,2017,52727,50530,2197,4.166745690063914,3563,2672,845,46,1.5011547344110854,5.4858767098951855
IN,2017,26120,26108,12,0.045941807044410414,14243,12911,1326,6,3.2851869286227484,3.3297822262963606
KS,2017,25269,25251,18,0.07123352724682416,3648,3590,57,1,0.19711588339039318,0.26282117785385756
KY,2017,26285,24787,1498,5.699067909454062,24592,23397,1128,67,2.217111858010496,5.293158008530377
LA,2017,47050,47030,20,0.04250797024442083,16880,16639,234,7,0.36602534021586114,0.4082590333176912
MA,2017,23440,22694,746,3.18259385665529,11081,4467,6519,95,18.88415746936647,21.32035572550042
MD,2017,36769,34846,1923,5.229949141940221,20891,18695,2046,150,3.5483870967741935,7.143600416233091
ME,2017,868,860,8,0.9216589861751152,464,173,289,2,21.696696696696698,22.44744744744745
MI,2017,25342,25298,44,0.1736248125641228,7380,6624,737,19,2.252307316178718,2.4448383350650937
MN,2017,10189,9955,234,2.296594366473648,3531,3449,76,6,0.5539358600583091,2.303206997084548
MO,2017,37622,37028,594,1.5788634309712402,6269,4962,1253,54,2.8547993893964594,4.33118406962703
MS,2017,21408,21357,51,0.2382286995515695,2485,2402,82,1,0.34319675218683293,0.5608337169882393
MT,2017,4016,4013,3,0.07470119521912351,498,469,29,0,0.6424457244129376,0.7089056269384139
NC,2017,14151,13924,227,1.604126916825666,15564,15240,221,103,0.7437321218239946,1.8542823489819955
ND,2017,10851,10798,53,0.48843424569164134,1413,1350,62,1,0.5055446836268753,0.9458577951728636
NE,2017,7245,7245,0,0,2526,2509,17,0,0.17398423907481322,0.17398423907481322
NH,2017,5682,5307,375,6.599788806758183,2442,690,1641,111,20.199409158050223,26.18168389955687
NJ,2017,59289,56073,3216,5.424277690634013,24584,21496,2970,118,3.5410680433512574,7.516125570803476
NM,2017,9918,9911,7,0.07057874571486186,1452,1427,18,7,0.15831134564643798,0.28144239226033424
NV,2017,3010,3010,0,0,856,836,11,9,0.28453181583031556,0.5173305742369374
NY,2017,19317,19081,236,1.2217217994512606,6461,4849,1515,97,5.8771045077197615,7.168903716347273
OH,2017,90713,86600,4113,4.534080010582827,44433,28622,15501,310,11.469817826646738,14.742574696994362
OK,2017,36672,36666,6,0.016361256544502618,12254,12187,66,1,0.13489760045783428,0.14920492171851368
OR,2017,12123,12103,20,0.16497566608925182,2792,2679,104,9,0.6972846128059002,0.89171974522293
PA,2017,58532,53148,5384,9.19838720699788,17442,13231,3979,232,5.237318029852318,12.629320557032669
RI,2017,2854,2831,23,0.8058864751226349,1604,939,654,11,14.670255720053834,15.432929564827278
SC,2017,26000,25593,407,1.5653846153846154,4223,3785,416,22,1.376435165271482,2.795883929457698
SD,2017,1405,1405,0,0,199,190,9,0,0.5610972568578554,0.5610972568578554
TN,2017,36525,36462,63,0.17248459958932238,9892,9158,724,10,1.5597733588986795,1.717043324643988
TX,2017,113217,113166,51,0.04504623863907364,62904,62576,306,22,0.17374418723491236,0.21519296392820847
UT,2017,3875,3874,1,0.025806451612903226,1136,1113,21,2,0.4190780283376571,0.47894631810017957
VA,2017,46895,45101,1794,3.8255677577566907,10631,9426,1123,82,1.9521607620901853,5.213294857977262
VT,2017,2431,2218,213,8.761826408885232,654,405,249,0,8.07131280388979,14.975688816855753
WA,2017,13472,13469,3,0.022268408551068885,2813,2665,135,13,0.8289837273564631,0.9272336505987105
WI,2017,9464,9438,26,0.27472527472527475,2626,1974,644,8,5.3267162944582305,5.607940446650124
WV,2017,5234,4942,292,5.578907145586549,2441,2143,268,30,3.4918566775244297,7.687296416938111
WY,2017,6322,6322,0,0,846,838,8,0,0.11160714285714285,0.11160714285714285
AK,2018,770,769,1,0.12987012987012986,113,112,1,0,0.11325028312570783,0.22650056625141565
AL,2018,31531,31441,90,0.2854333830198852,18382,18198,158,26,0.3165507983891972,0.5489551820167091
AR,2018,31322,31317,5,0.015963220739416386,6198,5904,290,4,0.7729211087420043,0.7969083155650319
AZ,2018,28159,28133,26,0.09233282431904542,4349,3317,926,106,2.848529592715639,3.254583487141627
CA,2018,112404,112065,339,0.3015906907227501,22665,21461,933,271,0.6907580569930925,1.1423790803219096
CO,2018,15823,15799,24,0.15167793718005435,1465,1386,68,11,0.3933364183248496,0.5957889865802869
CT,2018,1496,1231,265,17.713903743315505,559,302,198,59,9.635036496350365,25.401459854014597
DC,2018,587,519,68,11.584327086882453,143,129,2,12,0.273972602739726,11.232876712328768
DE,2018,2359,2323,36,1.526070368800339,463,268,186,9,6.591070163004961,8.185683912119064
FL,2018,64135,62315,1820,2.837764091369767,33484,31108,2127,249,2.1788791116483472,4.298343560167591
GA,2018,32339,32312,27,0.08349052227960048,16089,15845,241,3,0.49764598992318493,0.5595936235235813
HI,2018,1065,1065,0,0,88,86,0,2,0,0.17346053772766695
IA,2018,19897,19872,25,0.12564708247474493,3894,3558,334,2,1.4038922281535033,1.5173805220461518
ID,2018,11313,11298,15,0.13259082471492972,4704,4679,25,0,0.1560841605793844,0.24973465692701508
IL,2018,54040,50765,3275,6.060325684678016,5395,3411,1938,46,3.2607049718179524,8.848321695970387
IN,2018,30451,30406,45,0.1477783980821648,17754,15992,1730,32,3.5888393320195,3.7485737993984025
KS,2018,22175,22131,44,0.1984216459977452,3186,3140,45,1,0.1774377981940775,0.354875596388155
KY,2018,24454,22853,1601,6.546986178130368,18805,17423,1279,103,2.956610185163781,6.8956748884625165
LA,2018,43387,43366,21,0.048401594947795425,15605,15172,432,1,0.7323026851098454,0.7695958774071061
MA,2018,20718,19286,1432,6.911864079544358,12338,4230,7933,175,23.998668925459825,28.86011616650532
MD,2018,34141,31920,2221,6.505374769338918,22536,18887,3269,380,5.767771759267427,10.356934911869011
ME,2018,1077,1066,11,1.021355617455896,630,210,403,17,23.608670181605156,25.2489748096075
MI,2018,23311,23224,87,0.37321436231821886,8730,7768,938,24,2.9274991417246654,3.273930276832808
MN,2018,12134,11813,321,2.6454590407120486,4399,4255,136,8,0.8225972297828584,2.8125567047722737
MO,2018,35974,35431,543,1.5094234725079223,6401,4106,2235,60,5.274336283185841,6.697345132743362
MS,2018,20706,20630,76,0.36704336907176666,2220,2108,105,7,0.4579952891913112,0.8200296606473
MT,2018,3906,3903,3,0.07680491551459294,528,508,16,4,0.36084799278304014,0.5187189896256202
NC,2018,17641,17308,333,1.8876480925117622,15573,14352,1109,112,3.3389534533630396,4.6787499247305355
ND,2018,9220,9214,6,0.0650759219088937,1357,1264,92,1,0.8698118559137751,0.9359931927767798
NE,2018,7371,7370,1,0.0135666802333469,2547,2497,50,0,0.504133897963299,0.514216575922565
NH,2018,4004,3618,386,9.64035964035964,2264,692,1355,217,21.61774090619017,31.238034460753035
NJ,2018,51859,45875,5984,11.538980697660966,9246,6693,2413,140,3.9489403485803125,13.971033466983062
NM,2018,10303,10291,12,0.11647093079685529,1639,1597,25,17,0.20934516831351532,0.4521855635571931
NV,2018,3870,3863,7,0.1808785529715762,1135,1106,25,4,0.4995004995004995,0.7192807192807192
NY,2018,19257,18835,422,2.1914109155112427,6558,4884,1554,120,6.019755955839628,8.11931047840403
OH,2018,97208,91949,5259,5.41004855567443,42051,27323,14041,687,10.082651749617618,14.352393741158561
OK,2018,28922,28909,13,0.044948482124334416,9315,9264,49,2,0.1281481287757931,0.16737714778879098
OR,2018,13575,13527,48,0.35359116022099446,3004,2861,130,13,0.7841244948428736,1.1520598347306834
PA,2018,54701,48750,5951,10.879142977276466,18407,12779,5132,496,7.019751600372053,15.838211960387373
RI,2018,3154,3096,58,1.8389346861128724,3044,2233,805,6,12.988060664730558,14.020651823168764
SC,2018,27955,27316,639,2.2858164907887675,6163,5293,826,44,2.4210094378334017,4.422885280497098
SD,2018,1913,1912,1,0.052273915316257184,180,176,4,0,0.19111323459149546,0.23889154323936934
TN,2018,37901,37844,57,0.1503918102424738,12581,11255,1292,34,2.5593280773344955,2.7395903490352995
TX,2018,117356,117266,90,0.07668973039299226,70170,69898,241,31,0.12851551251559784,0.19303989846741254
UT,2018,4217,4213,4,0.09485416172634575,1273,1233,33,7,0.6010928961748634,0.8014571948998178
VA,2018,47655,45941,1714,3.5966845032000836,10233,8893,1232,108,2.12824765063571,5.275704809286899
VT,2018,2170,2087,83,3.824884792626728,1346,428,917,1,26.080773606370876,28.46985210466439
WA,2018,13919,13912,7,0.05029096917882032,3177,2830,284,63,1.6612072999532053,2.0706598034627985
WI,2018,7796,7752,44,0.5643919958953308,2267,1569,673,25,6.68786644141906,7.373546656066779
WV,2018,5037,4846,191,3.791939646615049,2887,2193,631,63,7.963149924280666,11.168601716304897
WY,2018,6773,6773,0,0,850,821,29,0,0.3804276531549259,0.3804276531549259
AK,2019,203,194,9,4.433497536945813,86,80,1,5,0.34602076124567477,5.190311418685121
AL,2019,32583,32439,144,0.44194825522511744,17189,16856,286,47,0.5746202684240135,0.9583701679659246
AR,2019,29449,29443,6,0.02037420625488132,18120,17816,291,13,0.6117429418318653,0.6516849208518152
AZ,2019,26827,26760,67,0.24974838781824282,6573,3130,3212,231,9.616766467065869,10.508982035928144
CA,2019,119247,118730,517,0.43355388395515193,33298,30577,2208,513,1.4474417385033924,2.122652332098725
CO,2019,15224,15201,23,0.151077246452969,1652,1378,243,31,1.439914671723157,1.7598957098838588
CT,2019,1326,1012,314,23.68024132730015,528,263,191,74,10.302049622437973,31.22977346278317
DC,2019,642,554,88,13.707165109034266,171,136,18,17,2.214022140221402,15.129151291512915
DE,2019,124,82,42,33.87096774193548,25,7,6,12,4.026845637583892,40.26845637583892
FL,2019,58631,56989,1642,2.8005662533472053,32481,29062,3100,319,3.4024058301870226,5.554701905347264
GA,2019,33310,33273,37,0.11107775442809967,12007,11748,243,16,0.5362226096167002,0.6531765121256923
HI,2019,1393,1393,0,0,253,249,3,1,0.18226002430133656,0.24301336573511542
IA,2019,19715,19704,11,0.05579507988840984,4137,3613,498,26,2.08787523058863,2.2429984906926044
ID,2019,11095,11081,14,0.12618296529968456,4727,4684,40,3,0.2528125395019593,0.360257868790292
IL,2019,37138,35373,1765,4.7525445635198444,5822,2989,2780,53,6.471135940409684,10.702979515828678
IN,2019,35549,35495,54,0.1519030071169372,15591,13587,1974,30,3.8599921783339854,4.02424716464607
KS,2019,23455,23411,44,0.18759326369644,4492,4358,125,9,0.447275199484739,0.6369198840662683
KY,2019,24740,23208,1532,6.192400970088925,13993,12264,1568,161,4.048227609531923,8.419177445589032
LA,2019,44909,44866,43,0.09574918167850542,19573,19082,477,14,0.7397413231599516,0.8281380850469899
MA,2019,19267,16759,2508,13.017075829137903,12480,4241,8003,236,25.208681135225376,33.85201751346584
MD,2019,26350,24642,1708,6.481973434535105,22870,18186,4262,422,8.659081674116214,12.986590816741161
ME,2019,856,830,26,3.0373831775700935,597,159,422,16,29.04335856847901,31.93392980041294
MI,2019,14716,14379,337,2.2900244631693396,9257,7793,1439,25,6.002586242856546,7.5126183623242815
MN,2019,10904,10456,448,4.108584005869406,2668,2394,245,29,1.805187150014736,5.319776009431182
MO,2019,35684,35254,430,1.2050218585360384,7050,3817,3111,122,7.279917629990172,8.571629147751207
MS,2019,19758,19658,100,0.5061241016297197,3261,3074,180,7,0.781962726443373,1.2467961249402666
MT,2019,3239,3228,11,0.33961099104661935,438,418,11,9,0.2991569214033179,0.8430785966820777
NC,2019,13542,13423,119,0.8787476000590756,5009,2870,2114,25,11.395612096382944,12.17185057409304
ND,2019,6752,6662,90,1.3329383886255926,999,815,184,0,2.3738872403560833,3.535027738356341
NE,2019,7132,7131,1,0.014021312394840156,2348,2320,27,1,0.2848101265822785,0.30590717299578063
NH,2019,3808,3327,481,12.631302521008402,1816,561,1111,144,19.75462304409673,30.867709815078236
NJ,2019,50188,43690,6498,12.947318084004145,10327,6363,3517,447,5.811782202759646,17.288275634140295
NM,2019,9695,9666,29,0.2991232594120681,2041,1836,143,62,1.218473074301295,1.9938650306748467
NV,2019,5026,5015,11,0.21886191802626345,1254,1177,39,38,0.6210191082802549,1.4012738853503186
NY,2019,18445,17986,459,2.488479262672811,7100,5061,1821,218,7.128596594245449,9.778821687218633
OH,2019,90557,83316,7241,7.996068774363109,42300,27801,13734,765,10.337430470355343,16.363458455331674
OK,2019,24523,24512,11,0.04485584961056967,7869,7764,91,14,0.28093356384292417,0.35811311434922205
OR,2019,13317,13258,59,0.4430427273409927,786,622,156,8,1.1061476281642204,1.5812238530809049
PA,2019,50198,44962,5236,10.430694449978088,18429,11112,6715,602,9.78477858568785,18.29163448788378
RI,2019,3065,2986,79,2.5774877650897228,3939,3160,768,11,10.96516276413478,12.250142775556824
SC,2019,30797,29882,915,2.9710686105789526,9451,8635,781,35,1.940469091631882,4.3008348240906376
SD,2019,2167,2166,1,0.046146746654360866,179,173,5,1,0.2131287297527707,0.29838022165387895
TN,2019,34953,34832,121,0.3461791548651046,15392,13060,2275,57,4.518820141026914,4.87238057403913
TX,2019,112505,112405,100,0.08888493844718012,64383,64025,275,83,0.15546560535480078,0.2589208990999955
UT,2019,3512,3511,1,0.02847380410022779,813,742,63,8,1.4566473988439306,1.6647398843930634
VA,2019,47879,46158,1721,3.59447774598467,9673,7964,1507,202,2.6185015290519877,5.95982763413956
VT,2019,1821,1749,72,3.9538714991762767,1360,315,1039,6,32.66268469034895,35.11474379126061
WA,2019,14193,14191,2,0.014091453533431974,3509,2863,523,123,2.9544684216472716,3.6606033216585696
WI,2019,6732,6708,24,0.35650623885918004,1952,1319,608,25,7.001381851681253,7.565637954859512
WV,2019,5987,5821,166,2.772674127275764,3664,2444,1127,93,11.677546368251994,14.361206092632889
WY,2019,5788,5788,0,0,613,586,27,0,0.4218090923293235,0.4218090923293235
AK,2020,1797,1779,18,1.001669449081803,1480,1442,27,11,0.823924321025328,1.7088800732377174
AL,2020,27633,27410,223,0.8070061158759455,15688,15168,502,18,1.1587913483068257,1.7151035294660788
AR,2020,29370,29367,3,0.010214504596527068,28767,28319,437,11,0.7516727729328999,0.775753822866677
AZ,2020,21043,20912,131,0.6225348096754265,11330,3235,7880,215,24.341272047694066,25.410063942174034
CA,2020,117962,117322,640,0.5425476000746003,36338,30773,4529,1036,2.9351911860012962,4.021386908619572
CO,2020,11274,11261,13,0.11530956182366507,1826,1176,580,70,4.427480916030534,5.061068702290076
CT,2020,832,667,165,19.831730769230766,501,212,191,98,14.328582145536384,34.058514628657164
DC,2020,384,324,60,15.625,125,72,23,30,4.518664047151278,22.20039292730845
DE,2020,125,122,3,2.4,54,42,6,6,3.35195530726257,8.379888268156424
FL,2020,44403,43184,1219,2.74531000157647,31788,26381,4982,425,6.5388300455434365,8.696565211114175
GA,2020,28621,28524,97,0.3389119877013382,10758,10138,589,31,1.4957210696056273,1.8207674141039643
HI,2020,256,253,3,1.171875,38,18,3,17,1.0204081632653061,7.8231292517006805
IA,2020,16662,16631,31,0.18605209458648422,4536,3899,626,11,2.953108783847533,3.1512406830833095
ID,2020,11238,11218,20,0.1779676098949991,6204,6073,131,0,0.7510606581814012,0.8657264075220732
IL,2020,29265,26190,3075,10.507432086109688,4533,2387,2043,103,6.044736374933428,15.447659624829871
IN,2020,18597,18541,56,0.3011238371780395,11900,9814,2048,38,6.715414630947306,7.023641669672427
KS,2020,21614,21580,34,0.15730545017118536,5986,5656,306,24,1.1086956521739129,1.318840579710145
KY,2020,20505,18873,1632,7.959034381858084,13706,11329,1954,423,5.711613223816901,11.71845312911052
LA,2020,43882,43836,46,0.10482658037464108,19177,17781,1387,9,2.199527426695634,2.2867473318638103
MA,2020,12140,10760,1380,11.367380560131796,7933,3110,4673,150,23.280027898171674,30.902206944652022
MD,2020,14702,13673,1029,6.999047748605632,16929,12972,3321,636,10.499193828838797,15.763017293161772
ME,2020,963,931,32,3.322949117341641,760,200,525,35,30.470110272780033,34.35867672663958
MI,2020,9218,8953,265,2.874810154046431,7529,6086,1397,46,8.341792559861467,10.198841583567205
MN,2020,9502,8952,550,5.7882551041885915,1610,1142,400,68,3.599712023038157,9.16126709863211
MO,2020,29666,29295,371,1.2505899008966492,8012,3893,3885,234,10.311056850151282,11.916768405966346
MS,2020,14748,14553,195,1.322213181448332,5346,5040,274,32,1.3635911217278789,2.493281576590027
MT,2020,2822,2817,5,0.1771793054571226,366,327,23,16,0.7214554579673776,1.3801756587202008
NC,2020,17789,17681,108,0.6071167575467985,6083,1327,4702,54,19.696715817694372,20.37533512064343
ND,2020,3930,3930,0,0,913,572,335,6,6.917200082593434,7.041090233326451
NE,2020,4694,4670,24,0.5112910097997444,2007,1921,80,6,1.1938516639307566,1.6415460379047904
NH,2020,3085,2790,295,9.562398703403566,1815,578,927,310,18.918367346938776,31.265306122448976
NJ,2020,32706,28153,4553,13.920993089952912,9806,4941,3450,1415,8.115355664283026,22.15374482499059
NM,2020,7700,7668,32,0.4155844155844156,1976,1628,242,106,2.50103348491112,3.9272426622571315
NV,2020,3900,3880,20,0.5128205128205128,1286,1154,47,85,0.9062861550327806,2.9309679907443114
NY,2020,13467,13052,415,3.0816068909185415,8640,5385,2978,277,13.470846338263897,16.601076582078075
OH,2020,68984,63569,5415,7.849646294792996,46914,29610,15405,1899,13.29186008386685,19.602581580355142
OK,2020,17977,17942,35,0.19469321911331144,6421,6270,127,24,0.5205344700385277,0.762357570292647
OR,2020,10010,9935,75,0.7492507492507493,690,366,272,52,2.542056074766355,3.7289719626168227
PA,2020,38526,34722,3804,9.87385142501168,16202,9796,5677,729,10.373117965209765,18.655898260488232
RI,2020,2328,2258,70,3.006872852233677,2993,2412,573,8,10.768652508926893,12.23454237925202
SC,2020,19369,18470,899,4.641437348340132,6584,5595,928,61,3.575694524717759,7.274688860632682
SD,2020,1360,1360,0,0,119,115,2,2,0.1352265043948614,0.2704530087897228
TN,2020,27975,27798,177,0.6327077747989276,17799,13150,4532,117,9.900817057718356,10.543103071612705
TX,2020,91740,91581,159,0.17331589274035317,57796,56900,760,136,0.5082388187459876,0.7055157286539696
UT,2020,2448,2448,0,0,233,180,48,5,1.7903767251025735,1.9768743006340919
VA,2020,37946,35564,2382,6.27734148526854,11009,7640,2807,562,5.733837197426208,11.747523235624554
VT,2020,1598,1565,33,2.065081351689612,1760,379,1373,8,40.88743299583085,42.108397855866585
WA,2020,12749,12726,23,0.18040630637697075,3834,2595,1016,223,6.1267563167098835,7.610203220165229
WI,2020,5127,4953,174,3.3937975424224693,2186,1423,714,49,9.763434978804868,12.812799124846164
WV,2020,4957,4812,145,2.925156344563244,3928,2323,1504,101,16.927405740011256,19.696117051209903
WY,2020,4454,4454,0,0,503,460,43,0,0.8674601573532379,0.8674601573532379
AK,2021,1950,1898,52,2.666666666666667,747,664,74,9,2.743789395624768,5.005561735261402
AL,2021,15625,15552,73,0.4672,7595,7310,226,59,0.9732988802756245,1.541774332472007
AR,2021,26991,26968,23,0.08521358971509022,24066,23197,838,31,1.6413028575905362,1.7470670035450573
AZ,2021,13764,13554,210,1.5257192676547515,16403,2914,13244,245,43.90227732290251,45.41054794974641
CA,2021,100604,99944,660,0.6560375332988748,36710,28336,7055,1319,5.1378592131902066,6.579081521185021
CO,2021,10293,10211,82,0.7966579228601962,3227,1252,1834,141,13.565088757396449,15.214497041420119
CT,2021,975,807,168,17.23076923076923,714,333,232,149,13.735938425103612,32.5044404973357
DC,2021,252,214,38,15.079365079365079,129,56,35,38,9.186351706036746,29.133858267716533
DE,2021,83,82,1,1.2048192771084338,64,27,6,31,4.081632653061225,25.850340136054424
FL,2021,47566,46787,779,1.6377244250094605,39625,31734,7357,534,8.437797479097613,9.943686848413254
GA,2021,28959,28861,98,0.338409475465313,11342,10007,1247,88,3.0942160244162675,3.555743033671621
HI,2021,1426,1416,10,0.7012622720897616,147,15,120,12,7.628734901462174,9.027336300063572
IA,2021,14693,14520,173,1.177431429932621,4707,4163,514,30,2.649484536082474,3.695876288659794
ID,2021,12249,12142,107,0.8735406971997715,16437,15518,766,153,2.6702921285644563,3.576657603011922
IL,2021,29571,26094,3477,11.758141422339454,4313,1725,2480,108,7.319088655412584,17.899303506079566
IN,2021,19604,19546,58,0.2958579881656805,14263,11015,3175,73,9.374907727286148,9.761714943750553
KS,2021,25895,25781,114,0.4402394284610929,7841,6520,1280,41,3.79416646905383,4.253616314915817
KY,2021,22487,20808,1679,7.466536220927647,14841,11514,2829,498,7.578761251607373,13.410844406343763
LA,2021,39022,38989,33,0.08456767977038594,18012,15192,2810,10,4.926885717291441,5.00227934214679
MA,2021,12278,10941,1337,10.88939566704675,9654,3232,6169,253,28.127849717308045,35.377530548969546
MD,2021,11891,11070,821,6.904381464973509,11102,7655,1991,1456,8.65915713478015,18.56217109555082
ME,2021,925,912,13,1.4054054054054055,940,233,667,40,35.76407506702413,38.605898123324394
MI,2021,2315,2091,224,9.676025917926566,1907,1480,350,77,8.289909995262908,15.419232591189012
MN,2021,10464,9791,673,6.431574923547401,2222,1042,1009,171,7.953649692574491,14.606653003310734
MO,2021,32352,32113,239,0.7387487636003957,9709,4158,5231,320,12.436699079907754,13.765721214426666
MS,2021,14719,14529,190,1.290848563081731,5953,5327,544,82,2.631578947368421,3.9473684210526314
MT,2021,4482,4472,10,0.22311468094600626,763,484,176,103,3.3555767397521445,5.510009532888465
NC,2021,13231,13153,78,0.5895246013150933,5035,1091,3861,83,21.13763276031972,22.01905179021132
ND,2021,2423,2421,2,0.08254230293025176,732,361,356,15,11.283676703645009,11.822503961965134
NE,2021,4391,4385,6,0.13664313368253245,1937,1647,288,2,4.551201011378002,4.677623261694058
NH,2021,3749,3743,6,0.16004267804747935,3757,1340,2368,49,31.548094857447374,32.28084199307221
NJ,2021,16835,13179,3656,21.71666171666172,9233,3508,3376,2349,12.950744207457419,35.98665029921743
NM,2021,7420,7337,83,1.1185983827493262,2719,1333,1108,278,10.92809941808857,14.488608344018147
NV,2021,4315,4292,23,0.5330243337195829,1505,1235,119,151,2.0446735395189,5.034364261168385
NY,2021,12537,11965,572,4.562495014756322,8813,5091,3267,455,15.302107728337235,20.11241217798595
OH,2021,73191,68876,4315,5.895533603858398,53020,31184,18857,2979,14.940853015981173,20.72006401977641
OK,2021,24130,24027,103,0.42685453791960215,7801,7241,461,99,1.4437380601922896,2.0763521342895617
OR,2021,5115,5024,91,1.7790811339198438,887,301,542,44,9.030323225591468,11.279573475508165
PA,2021,49987,44389,5598,11.198911717046432,23573,12222,9787,1564,13.304785209352909,23.0410549211528
RI,2021,3163,2967,196,6.196648751185584,5587,4563,958,66,10.948571428571428,13.942857142857143
SC,2021,17875,17116,759,4.246153846153846,6643,5114,1386,143,5.652989640264296,9.331919406150584
SD,2021,1122,1119,3,0.267379679144385,91,75,13,3,1.0717230008244023,1.5663643858202803
TN,2021,28884,28780,104,0.3600609333887273,27985,19883,7953,149,13.984772019905398,14.429654117357435
TX,2021,89122,88922,200,0.22441148089136242,56709,54484,1805,420,1.237734089459717,1.6628837489971269
UT,2021,2814,2805,9,0.31982942430703626,433,273,98,62,3.018170619032954,5.20480443486295
VA,2021,31477,29185,2292,7.281507132191758,12045,7279,3673,1093,8.439409953586692,16.217085611874456
VT,2021,1283,1267,16,1.2470771628994544,2335,503,1821,11,50.33167495854063,51.07794361525705
WA,2021,4868,4845,23,0.47247329498767465,2686,1199,1094,393,14.482393433942281,19.989409584326186
WI,2021,5632,5366,266,4.723011363636364,1942,1114,745,83,9.836282017428042,14.444151043041986
WV,2021,6080,5971,109,1.792763157894737,6651,3372,3024,255,23.753043751472784,26.612206425261174
WY,2021,3968,3968,0,0,611,413,198,0,4.324088228870933,4.324088228870933
AK,2022,1450,1442,8,0.5517241379310345,590,291,241,58,11.813725490196077,15.049019607843137
AL,2022,3796,3753,43,1.1327713382507905,2214,1923,217,74,3.610648918469218,5.5574043261231285
AR,2022,20491,20481,10,0.04880191303499097,19166,17935,1177,54,2.96795017273117,3.1293340393877505
AZ,2022,13277,13035,242,1.8227009113504555,28841,11996,16701,144,39.65288000379885,40.569352770786836
CA,2022,68302,67806,496,0.7261866416795995,27652,16649,10154,849,10.582153948767118,11.983867269733414
CO,2022,7221,7130,91,1.2602132668605457,3851,1014,2635,202,23.79877167630058,26.445086705202314
CT,2022,1278,1005,273,21.36150234741784,961,280,363,318,16.212594908441268,42.60830728003573
DC,2022,299,277,22,7.357859531772576,195,67,53,75,10.728744939271255,30.364372469635626
DE,2022,89,74,15,16.853932584269664,58,8,9,41,6.122448979591836,44.21768707482993
FL,2022,41432,40900,532,1.284031666344854,39096,31307,7139,650,8.865239419829129,10.333051857738923
GA,2022,17118,17076,42,0.24535576586049773,5972,4628,1264,80,5.474231268947596,6.002598527501083
HI,2022,1095,1091,4,0.365296803652968,126,38,55,33,4.504504504504505,7.534807534807535
IA,2022,14826,14789,37,0.24956158100634024,5346,4463,871,12,4.317866349395201,4.560777315090224
ID,2022,10429,10237,192,1.8410202320452584,7028,4952,552,1524,3.1620553359683794,12.991923010826604
IL,2022,28922,26328,2594,8.96895097157873,4127,1355,2579,193,7.80356440436927,16.23649732215801
IN,2022,16744,16701,43,0.25680840898232205,13046,9695,3245,106,10.892917086270561,11.39308492782813
KS,2022,19694,19553,141,0.7159540976947294,6780,3621,3034,125,11.460300672357784,12.465060058925738
KY,2022,20612,19430,1182,5.734523578497963,13230,9831,2949,450,8.714023993853791,13.536434016902074
LA,2022,28248,28176,72,0.2548853016142736,13542,9969,3538,35,8.466140224934195,8.722182340272793
MA,2022,11136,10270,866,7.7765804597701145,8448,2829,5347,272,27.302900326797385,33.11376633986928
MD,2022,10260,9806,454,4.42495126705653,7003,4124,1859,1020,10.768696055146846,19.30718878526328
ME,2022,377,368,9,2.3872679045092835,362,72,264,26,35.72395128552097,40.46008119079838
MI,2022,2096,1912,184,8.778625954198473,1774,1334,364,76,9.405684754521964,16.124031007751938
MN,2022,7856,7510,346,4.404276985743381,2227,736,1166,325,11.564018645244472,18.2187840920361
MO,2022,25691,25386,305,1.1871861741465883,7705,2892,4478,335,13.408791472032577,15.32518864534675
MS,2022,7571,7479,92,1.2151631224408928,2708,2292,349,67,3.3952719136102734,4.942114991730713
MT,2022,3689,3647,42,1.1385199240986716,1573,556,790,227,15.013302926643862,20.125427594070697
NC,2022,12019,11954,65,0.5408103835593644,7344,2037,5157,150,26.633269637969327,27.74363476733977
ND,2022,1785,1778,7,0.39215686274509803,974,290,660,24,23.921710764769845,25.045306270387822
NE,2022,4048,4035,13,0.32114624505928857,2214,1725,465,24,7.425742574257425,8.016608112424144
NH,2022,3343,3332,11,0.3290457672749028,3110,1038,2024,48,31.36525646985898,32.27955989462266
NJ,2022,18034,14494,3540,19.629588554951756,8892,2950,3364,2578,12.493500705637674,35.21503379633069
NM,2022,6231,6167,64,1.0271224522548548,4580,1397,2907,276,26.889279437609844,30.03422440107298
NV,2022,1914,1880,34,1.7763845350052248,944,597,258,89,9.027291812456264,13.331000699790064
NY,2022,13673,13318,355,2.5963577854165143,10171,5422,4297,452,18.021305150142595,21.405804395235698
OH,2022,61158,57372,3786,6.190522907877956,41821,22690,17163,1968,16.666504821371348,22.254051796968312
OK,2022,24544,24401,143,0.5826271186440678,8929,7029,1767,133,5.278881486571266,6.1034266423684755
OR,2022,2541,2460,81,3.187721369539551,2237,940,1176,121,24.612808706571787,28.840519045625783
PA,2022,43733,40000,3733,8.535888230855418,18670,8687,9007,976,14.43360094867234,21.97971251382145
RI,2022,2397,2223,174,7.259073842302878,5246,4235,962,49,12.586680622792098,15.504383095643073
SC,2022,12204,11913,291,2.384464110127827,4452,3072,1195,185,7.174591738712777,10.032420749279538
SD,2022,1299,1293,6,0.4618937644341801,175,80,86,9,5.834464043419267,6.852103120759836
TN,2022,20996,20882,114,0.5429605639169366,22272,14650,7443,179,17.20208930387353,17.87926412129056
TX,2022,81880,81659,221,0.2699071812408403,50431,47004,2705,722,2.0444256335452082,2.757140373816236
UT,2022,2434,2395,39,1.6023007395234181,551,225,65,261,2.1775544388609713,12.227805695142377
VA,2022,31645,29583,2062,6.516037288671196,11773,6038,4545,1190,10.468008660002765,17.957989773826526
VT,2022,775,743,32,4.129032258064516,1239,327,881,31,43.74379344587885,46.871896722939425
WA,2022,3797,3760,37,0.9744535159336318,4226,1373,2170,683,27.04723918733641,36.02143836470149
WI,2022,4762,4358,404,8.483830323393532,1084,452,403,229,6.893602463222716,17.72151898734177
WV,2022,4870,4775,95,1.9507186858316223,6223,3220,2753,250,24.81745244748941,27.92752186063283
WY,2022,4470,4470,0,0,805,355,446,4,8.454976303317535,8.530805687203792
AK,2023,1190,1180,10,0.8403361344537815,886,312,507,67,24.421965317919074,28.13102119460501
AL,2023,1211,1169,42,3.4682080924855487,861,669,111,81,5.357142857142857,11.293436293436294
AR,2023,15258,15248,10,0.06553938917289291,14317,13278,962,77,3.2527472527472527,3.5469146238377007
AZ,2023,10670,10474,196,1.836925960637301,26172,10139,15855,178,43.03512295749417,44.05026871505347
CA,2023,59715,59325,390,0.6531022356191912,29010,17363,10919,728,12.306565229642153,13.566638489715412
CO,2023,3448,3386,62,1.7981438515081205,2469,588,1283,598,21.683285448707114,32.8375866148386
CT,2023,887,675,212,23.900789177001126,569,121,213,235,14.62912087912088,45.32967032967033
DC,2023,235,216,19,8.085106382978724,246,107,74,65,15.384615384615385,32.84823284823285
DE,2023,72,52,20,27.77777777777778,63,14,7,42,5.185185185185185,51.11111111111111
FL,2023,36291,35886,405,1.1159791683888567,38989,31399,7054,536,9.370350690754517,10.620350690754517
GA,2023,18899,18873,26,0.137573416582888,5507,4434,985,88,4.035892813242645,4.50299106777022
HI,2023,327,326,1,0.3058103975535168,71,28,31,12,7.788944723618091,11.055276381909549
IA,2023,15329,15315,14,0.09133015852306087,5720,4287,1417,16,6.731911254691434,6.874435840182431
ID,2023,9762,9604,158,1.618520794919074,7026,5039,360,1627,2.1443888491779846,12.77698355968549
IL,2023,28752,26639,2113,7.349053978853645,4278,1520,2644,114,8.004844081138359,14.747199515591886
IN,2023,14502,14456,46,0.31719762791339123,11818,8772,2947,99,11.196808510638299,11.74772036474164
KS,2023,13496,13382,114,0.8446947243627742,3826,1934,1193,699,6.887195473963746,11.580648885809952
KY,2023,19501,18367,1134,5.815086405825342,13481,10113,3062,306,9.283851797950398,13.649869625856528
LA,2023,30938,30835,103,0.33292391234081065,13158,9521,3612,25,8.19121915820029,8.481494920174166
MA,2023,10803,10070,733,6.785152272516894,8050,2692,5172,186,27.433299740094412,32.307855513711345
MD,2023,9159,8751,408,4.4546347854569275,5354,2751,1845,758,12.712740301798387,20.746916557569076
ME,2023,197,194,3,1.5228426395939088,297,81,186,30,37.65182186234818,44.33198380566802
MI,2023,1698,1575,123,7.243816254416961,1464,1063,298,103,9.424414927261227,16.57179000632511
MN,2023,4471,4409,62,1.3867143815701186,734,251,446,37,8.568683957732949,10.470701248799232
MO,2023,18443,18261,182,0.9868242693704928,7712,2537,4846,329,18.528006117377174,20.481743452494744
MS,2023,1407,1398,9,0.6396588486140725,596,467,96,33,4.7928107838242635,6.889665501747379
MT,2023,3255,3229,26,0.7987711213517665,3564,1465,1913,186,28.05396685731046,31.16292711541282
NC,2023,8627,8591,36,0.41729454039642977,6583,2219,4281,83,28.14595660749507,28.928336620644313
ND,2023,1474,1474,0,0,778,247,525,6,23.312611012433393,23.57904085257549
NE,2023,3696,3686,10,0.27056277056277056,1948,1466,463,19,8.203401842664777,8.717221828490432
NH,2023,2152,2142,10,0.4646840148698885,1989,590,1355,44,32.721564839410775,34.0255976817194
NJ,2023,17128,14650,2478,14.46753853339561,7469,2485,2093,2891,8.50916778468919,30.337032971500587
NM,2023,4782,4726,56,1.1710581346716855,4560,1299,2914,347,31.192464140441018,35.506315564119035
NV,2023,777,757,20,2.574002574002574,466,194,238,34,19.14722445695897,23.49155269509252
NY,2023,13084,12844,240,1.834301436869459,9724,5865,3508,351,15.380568221676604,17.971764293230446
OH,2023,53034,49623,3411,6.431723045593393,35090,19170,13891,2029,15.763015750533341,21.9361354455086
OK,2023,24196,24028,168,0.6943296412630187,8479,6005,2333,141,7.1400153022188215,8.085692425401684
OR,2023,2816,2707,109,3.8707386363636362,3598,2019,1459,120,22.747115684440285,26.31743062051762
PA,2023,26382,24094,2288,8.672579789250246,12360,5307,3843,3210,9.91946724485055,24.110784161891488
RI,2023,1652,1554,98,5.932203389830509,4350,3598,728,24,12.129290236587805,14.161946017994001
SC,2023,6336,6196,140,2.20959595959596,2241,1493,654,94,7.6250437215809725,10.353270374256732
SD,2023,528,527,1,0.1893939393939394,64,26,38,0,6.418918918918918,6.587837837837837
TN,2023,10982,10941,41,0.3733381897650701,10710,6738,3881,91,17.891388530333764,18.49990780011064
TX,2023,73973,73771,202,0.2730726075730334,51150,46697,3576,877,2.8579877400637774,3.720339186240739
UT,2023,2179,2130,49,2.248737953189537,1259,140,50,1069,1.4543339150668992,33.973240255962764
VA,2023,32912,31214,1698,5.159212445308702,14402,6816,6418,1168,13.564695438982119,19.622099167265503
VT,2023,40,21,19,47.5,36,12,3,21,3.9473684210526314,56.57894736842105
WA,2023,3851,3837,14,0.36354193715917943,5705,1939,3377,389,35.33905399748849,39.55629970699037
WI,2023,4989,4635,354,7.0956103427540596,1149,477,494,178,8.048224177256436,16.715542521994134
WV,2023,3201,3171,30,0.937207122774133,3865,1877,1865,123,26.39399943390886,28.559298046985564
WY,2023,2359,2359,0,0,645,178,463,4,15.412782956058587,15.545938748335553
