State,Time,Drug.sample,Total,Count_fent,P100_fent
0.US,2013-01,Methamphetamine,18204,0,0
0.US,2013-02,Methamphetamine,16617,0,0
0.US,2013-03,Methamphetamine,18737,0,0
0.US,2013-04,Methamphetamine,17220,0,0
0.US,2013-05,Methamphetamine,19165,1,0.0052178450300026085
0.US,2013-06,Methamphetamine,16748,0,0
0.US,2013-07,Methamphetamine,18689,0,0
0.US,2013-08,Methamphetamine,19490,0,0
0.US,2013-09,Methamphetamine,17657,0,0
0.US,2013-10,Methamphetamine,19988,2,0.010006003602161296
0.US,2013-11,Methamphetamine,16240,0,0
0.US,2013-12,Methamphetamine,17174,0,0
0.US,2014-01,Methamphetamine,20198,2,0.009901970492127933
0.US,2014-02,Methamphetamine,19235,0,0
0.US,2014-03,Methamphetamine,21177,2,0.009444208339235963
0.US,2014-04,Methamphetamine,23598,1,0.004237647258242224
0.US,2014-05,Methamphetamine,21294,1,0.004696158542312388
0.US,2014-06,Methamphetamine,20628,1,0.004847779716889665
0.US,2014-07,Methamphetamine,22142,1,0.004516303856923494
0.US,2014-08,Methamphetamine,20556,1,0.004864759680871765
0.US,2014-09,Methamphetamine,20905,3,0.014350633819660367
0.US,2014-10,Methamphetamine,21936,0,0
0.US,2014-11,Methamphetamine,16814,2,0.011894849530153443
0.US,2014-12,Methamphetamine,18609,1,0.005373743887366328
0.US,2015-01,Methamphetamine,21285,1,0.004698144233027954
0.US,2015-02,Methamphetamine,21496,1,0.004652028284331969
0.US,2015-03,Methamphetamine,24549,3,0.012220457045093485
0.US,2015-04,Methamphetamine,24987,4,0.0160083243286509
0.US,2015-05,Methamphetamine,21752,4,0.018389113644722326
0.US,2015-06,Methamphetamine,23439,5,0.021331968087375742
0.US,2015-07,Methamphetamine,24870,5,0.02010454362685967
0.US,2015-08,Methamphetamine,22796,3,0.013160203544481486
0.US,2015-09,Methamphetamine,24161,14,0.05794462149745457
0.US,2015-10,Methamphetamine,24517,7,0.028551617245176818
0.US,2015-11,Methamphetamine,21399,21,0.09813542688910697
0.US,2015-12,Methamphetamine,24351,15,0.06159911297277319
0.US,2016-01,Methamphetamine,25574,18,0.07038398373347932
0.US,2016-02,Methamphetamine,27788,17,0.06117748668489995
0.US,2016-03,Methamphetamine,31954,27,0.08449646366652062
0.US,2016-04,Methamphetamine,28455,12,0.04217185028993147
0.US,2016-05,Methamphetamine,28051,11,0.03921428826066806
0.US,2016-06,Methamphetamine,28921,17,0.05878081670758272
0.US,2016-07,Methamphetamine,25458,18,0.07070469007777516
0.US,2016-08,Methamphetamine,30458,21,0.06894740298115438
0.US,2016-09,Methamphetamine,28735,39,0.13572298590568993
0.US,2016-10,Methamphetamine,26694,31,0.1161309657600959
0.US,2016-11,Methamphetamine,26256,33,0.1256855575868373
0.US,2016-12,Methamphetamine,26681,39,0.14617143285484052
0.US,2017-01,Methamphetamine,30978,55,0.17754535476789982
0.US,2017-02,Methamphetamine,29933,75,0.2505595830688538
0.US,2017-03,Methamphetamine,37225,71,0.19073203492276697
0.US,2017-04,Methamphetamine,31161,102,0.32733224222585927
0.US,2017-05,Methamphetamine,33908,69,0.20349180134481537
0.US,2017-06,Methamphetamine,32667,78,0.23877307374414544
0.US,2017-07,Methamphetamine,29216,52,0.17798466593647316
0.US,2017-08,Methamphetamine,35203,59,0.1675993523279266
0.US,2017-09,Methamphetamine,30800,49,0.1590909090909091
0.US,2017-10,Methamphetamine,31260,109,0.3486884197056942
0.US,2017-11,Methamphetamine,31013,88,0.2837519749782349
0.US,2017-12,Methamphetamine,28971,59,0.20365192778985883
0.US,2018-01,Methamphetamine,34362,76,0.2211745532856062
0.US,2018-02,Methamphetamine,31400,68,0.21656050955414013
0.US,2018-03,Methamphetamine,37933,94,0.24780534099596657
0.US,2018-04,Methamphetamine,35827,93,0.25958076311161976
0.US,2018-05,Methamphetamine,38914,83,0.2132908464819859
0.US,2018-06,Methamphetamine,36425,75,0.20590253946465342
0.US,2018-07,Methamphetamine,35979,99,0.27516051029767363
0.US,2018-08,Methamphetamine,40462,132,0.32623202016707037
0.US,2018-09,Methamphetamine,34693,135,0.38912748969532757
0.US,2018-10,Methamphetamine,37063,127,0.34265979548336617
0.US,2018-11,Methamphetamine,33035,122,0.36930528227637355
0.US,2018-12,Methamphetamine,30488,112,0.36735764891104694
0.US,2019-01,Methamphetamine,42157,125,0.29651066252342434
0.US,2019-02,Methamphetamine,36632,125,0.341231709980345
0.US,2019-03,Methamphetamine,41172,193,0.4687651802195667
0.US,2019-04,Methamphetamine,41945,175,0.41721301704613184
0.US,2019-05,Methamphetamine,43276,181,0.4182456788982346
0.US,2019-06,Methamphetamine,36695,207,0.5641095517100422
0.US,2019-07,Methamphetamine,41014,217,0.5290876286146194
0.US,2019-08,Methamphetamine,41869,212,0.5063412070983305
0.US,2019-09,Methamphetamine,36807,344,0.9346048306028745
0.US,2019-10,Methamphetamine,39973,167,0.41778200285192507
0.US,2019-11,Methamphetamine,31983,183,0.5721789700778538
0.US,2019-12,Methamphetamine,32810,174,0.5303261200853399
0.US,2020-01,Methamphetamine,41693,228,0.5468543880267671
0.US,2020-02,Methamphetamine,35853,151,0.42116419825398155
0.US,2020-03,Methamphetamine,34047,164,0.48168707962522395
0.US,2020-04,Methamphetamine,23192,136,0.5864091065884788
0.US,2020-05,Methamphetamine,34948,258,0.738239670367403
0.US,2020-06,Methamphetamine,35333,266,0.7528372909178388
0.US,2020-07,Methamphetamine,39485,298,0.7547169811320755
0.US,2020-08,Methamphetamine,39955,298,0.7458390689525717
0.US,2020-09,Methamphetamine,41172,349,0.8476634606042942
0.US,2020-10,Methamphetamine,38923,299,0.7681833363307042
0.US,2020-11,Methamphetamine,30376,238,0.7835132999736634
0.US,2020-12,Methamphetamine,33771,285,0.8439193390779072
0.US,2021-01,Methamphetamine,38083,336,0.882283433553029
0.US,2021-02,Methamphetamine,35155,236,0.6713127577869435
0.US,2021-03,Methamphetamine,45585,392,0.859931995173851
0.US,2021-04,Methamphetamine,44958,335,0.7451399083589128
0.US,2021-05,Methamphetamine,40048,315,0.786556132640831
0.US,2021-06,Methamphetamine,40455,346,0.8552712890866395
0.US,2021-07,Methamphetamine,36971,393,1.0629953206567309
0.US,2021-08,Methamphetamine,35475,337,0.9499647639182522
0.US,2021-09,Methamphetamine,32806,285,0.8687435225263671
0.US,2021-10,Methamphetamine,30439,286,0.9395840862051972
0.US,2021-11,Methamphetamine,27727,264,0.9521405128575035
0.US,2021-12,Methamphetamine,28008,245,0.8747500714081692
0.US,2022-01,Methamphetamine,28900,317,1.096885813148789
0.US,2022-02,Methamphetamine,28012,281,1.0031415107810937
0.US,2022-03,Methamphetamine,36016,313,0.8690581963571746
0.US,2022-04,Methamphetamine,30924,335,1.0833009959901694
0.US,2022-05,Methamphetamine,30972,354,1.1429678419217357
0.US,2022-06,Methamphetamine,31526,332,1.0530990293725813
0.US,2022-07,Methamphetamine,28794,349,1.2120580676529833
0.US,2022-08,Methamphetamine,32020,364,1.136789506558401
0.US,2022-09,Methamphetamine,28448,314,1.1037682789651293
0.US,2022-10,Methamphetamine,26024,326,1.2526898247771288
0.US,2022-11,Methamphetamine,22920,290,1.2652705061082026
0.US,2022-12,Methamphetamine,22298,242,1.085299129966813
0.US,2023-01,Methamphetamine,28737,350,1.2179420259595644
0.US,2023-02,Methamphetamine,26767,338,1.2627489072365226
0.US,2023-03,Methamphetamine,31476,362,1.1500826026178677
0.US,2023-04,Methamphetamine,25244,325,1.2874346379337664
0.US,2023-05,Methamphetamine,28167,365,1.2958426527496716
0.US,2023-06,Methamphetamine,26941,331,1.2286106677554656
0.US,2023-07,Methamphetamine,23875,268,1.1225130890052357
0.US,2023-08,Methamphetamine,26726,308,1.1524358302776323
0.US,2023-09,Methamphetamine,20366,224,1.0998723362466858
0.US,2023-10,Methamphetamine,18265,181,0.9909663290446208
0.US,2023-11,Methamphetamine,16045,146,0.9099407915238392
0.US,2023-12,Methamphetamine,13854,104,0.750685722535008
0.US,2013-01,Cannabinoids,41344,0,0
0.US,2013-02,Cannabinoids,36626,0,0
0.US,2013-03,Cannabinoids,41157,0,0
0.US,2013-04,Cannabinoids,38758,0,0
0.US,2013-05,Cannabinoids,39938,0,0
0.US,2013-06,Cannabinoids,34295,0,0
0.US,2013-07,Cannabinoids,37318,0,0
0.US,2013-08,Cannabinoids,35194,0,0
0.US,2013-09,Cannabinoids,33572,0,0
0.US,2013-10,Cannabinoids,37879,0,0
0.US,2013-11,Cannabinoids,31641,0,0
0.US,2013-12,Cannabinoids,31609,0,0
0.US,2014-01,Cannabinoids,36264,1,0.002757555702625193
0.US,2014-02,Cannabinoids,35200,0,0
0.US,2014-03,Cannabinoids,39541,1,0.0025290205103563387
0.US,2014-04,Cannabinoids,40907,0,0
0.US,2014-05,Cannabinoids,38950,0,0
0.US,2014-06,Cannabinoids,36445,0,0
0.US,2014-07,Cannabinoids,37497,1,0.0026668800170680323
0.US,2014-08,Cannabinoids,33898,0,0
0.US,2014-09,Cannabinoids,33749,0,0
0.US,2014-10,Cannabinoids,34110,1,0.0029316915860451483
0.US,2014-11,Cannabinoids,26318,0,0
0.US,2014-12,Cannabinoids,29798,1,0.0033559299281830995
0.US,2015-01,Cannabinoids,32136,0,0
0.US,2015-02,Cannabinoids,30879,0,0
0.US,2015-03,Cannabinoids,35282,3,0.008502919335638568
0.US,2015-04,Cannabinoids,34847,1,0.0028696874910322267
0.US,2015-05,Cannabinoids,29336,0,0
0.US,2015-06,Cannabinoids,30483,0,0
0.US,2015-07,Cannabinoids,30818,1,0.00324485690181063
0.US,2015-08,Cannabinoids,28065,2,0.007126313914127917
0.US,2015-09,Cannabinoids,28537,4,0.014016890352875214
0.US,2015-10,Cannabinoids,30245,1,0.0033063316250619935
0.US,2015-11,Cannabinoids,27449,0,0
0.US,2015-12,Cannabinoids,30607,1,0.003267226451465351
0.US,2016-01,Cannabinoids,30629,3,0.009794639067550362
0.US,2016-02,Cannabinoids,33914,4,0.011794539128383559
0.US,2016-03,Cannabinoids,38320,5,0.013048016701461376
0.US,2016-04,Cannabinoids,32883,6,0.018246510354894625
0.US,2016-05,Cannabinoids,32505,4,0.012305799107829564
0.US,2016-06,Cannabinoids,33130,2,0.006036824630244492
0.US,2016-07,Cannabinoids,27788,1,0.0035986756873470564
0.US,2016-08,Cannabinoids,28778,7,0.024324136493154493
0.US,2016-09,Cannabinoids,28039,7,0.024965227005242698
0.US,2016-10,Cannabinoids,26040,3,0.01152073732718894
0.US,2016-11,Cannabinoids,24972,6,0.02402691013935608
0.US,2016-12,Cannabinoids,27053,3,0.011089343141241267
0.US,2017-01,Cannabinoids,28428,7,0.02462361052483467
0.US,2017-02,Cannabinoids,27723,10,0.03607113227284204
0.US,2017-03,Cannabinoids,34735,4,0.01151576219951058
0.US,2017-04,Cannabinoids,28545,5,0.017516202487300753
0.US,2017-05,Cannabinoids,30142,7,0.023223409196470042
0.US,2017-06,Cannabinoids,29968,10,0.033368926855312335
0.US,2017-07,Cannabinoids,25862,5,0.019333384889026372
0.US,2017-08,Cannabinoids,28651,14,0.048863913999511364
0.US,2017-09,Cannabinoids,25854,11,0.04254660787499033
0.US,2017-10,Cannabinoids,27204,10,0.03675930010292604
0.US,2017-11,Cannabinoids,26540,11,0.04144687264506405
0.US,2017-12,Cannabinoids,23977,5,0.02085331776285607
0.US,2018-01,Cannabinoids,29415,13,0.044195138534761175
0.US,2018-02,Cannabinoids,27590,13,0.04711852120333454
0.US,2018-03,Cannabinoids,32676,18,0.05508630187293427
0.US,2018-04,Cannabinoids,31095,11,0.03537546229297315
0.US,2018-05,Cannabinoids,30267,12,0.039647140449995046
0.US,2018-06,Cannabinoids,27388,8,0.02920987293705272
0.US,2018-07,Cannabinoids,26376,5,0.018956627236882014
0.US,2018-08,Cannabinoids,29323,24,0.08184701428912458
0.US,2018-09,Cannabinoids,25092,21,0.08369201339072214
0.US,2018-10,Cannabinoids,27475,23,0.08371246587807098
0.US,2018-11,Cannabinoids,25713,16,0.06222533348889666
0.US,2018-12,Cannabinoids,22715,29,0.12766894122826328
0.US,2019-01,Cannabinoids,31625,40,0.12648221343873517
0.US,2019-02,Cannabinoids,27649,33,0.11935332200079568
0.US,2019-03,Cannabinoids,30142,25,0.08294074713025015
0.US,2019-04,Cannabinoids,29033,31,0.10677504908207902
0.US,2019-05,Cannabinoids,28244,22,0.07789264976632206
0.US,2019-06,Cannabinoids,22736,19,0.08356790992258972
0.US,2019-07,Cannabinoids,21879,25,0.11426482014717308
0.US,2019-08,Cannabinoids,20443,13,0.06359144939588124
0.US,2019-09,Cannabinoids,18148,20,0.11020498126515318
0.US,2019-10,Cannabinoids,19861,14,0.07048990483862846
0.US,2019-11,Cannabinoids,16328,11,0.0673689367956884
0.US,2019-12,Cannabinoids,16915,13,0.07685486254803428
0.US,2020-01,Cannabinoids,21450,31,0.1445221445221445
0.US,2020-02,Cannabinoids,18433,17,0.09222589920251723
0.US,2020-03,Cannabinoids,15967,14,0.08768084173608066
0.US,2020-04,Cannabinoids,9943,8,0.08045861410037213
0.US,2020-05,Cannabinoids,16852,14,0.08307619273676715
0.US,2020-06,Cannabinoids,17949,18,0.10028413839211098
0.US,2020-07,Cannabinoids,17579,16,0.09101769156379771
0.US,2020-08,Cannabinoids,18052,23,0.1274097052958121
0.US,2020-09,Cannabinoids,17289,22,0.1272485395338076
0.US,2020-10,Cannabinoids,16842,19,0.11281320508253177
0.US,2020-11,Cannabinoids,13824,23,0.16637731481481483
0.US,2020-12,Cannabinoids,14486,19,0.13116112108242442
0.US,2021-01,Cannabinoids,15843,33,0.20829388373414126
0.US,2021-02,Cannabinoids,13434,34,0.2530891767157957
0.US,2021-03,Cannabinoids,18891,38,0.20115398867185433
0.US,2021-04,Cannabinoids,17941,34,0.18951006075469595
0.US,2021-05,Cannabinoids,14654,28,0.1910741094581684
0.US,2021-06,Cannabinoids,16120,18,0.11166253101736973
0.US,2021-07,Cannabinoids,13661,13,0.09516140838884415
0.US,2021-08,Cannabinoids,12884,22,0.17075442409189692
0.US,2021-09,Cannabinoids,12805,13,0.10152284263959391
0.US,2021-10,Cannabinoids,11280,17,0.15070921985815602
0.US,2021-11,Cannabinoids,11368,14,0.12315270935960591
0.US,2021-12,Cannabinoids,11315,16,0.14140521431727796
0.US,2022-01,Cannabinoids,11546,24,0.2078641953923437
0.US,2022-02,Cannabinoids,11723,24,0.20472575279365351
0.US,2022-03,Cannabinoids,15073,19,0.12605320772241757
0.US,2022-04,Cannabinoids,12862,26,0.20214585600995177
0.US,2022-05,Cannabinoids,12813,24,0.18730976352142356
0.US,2022-06,Cannabinoids,12386,20,0.16147263038914905
0.US,2022-07,Cannabinoids,11631,29,0.24933367724185368
0.US,2022-08,Cannabinoids,12594,20,0.1588057805304113
0.US,2022-09,Cannabinoids,11383,17,0.1493455152420276
0.US,2022-10,Cannabinoids,9825,13,0.13231552162849872
0.US,2022-11,Cannabinoids,9575,24,0.25065274151436034
0.US,2022-12,Cannabinoids,9198,21,0.228310502283105
0.US,2023-01,Cannabinoids,11970,22,0.18379281537176273
0.US,2023-02,Cannabinoids,10992,27,0.24563318777292578
0.US,2023-03,Cannabinoids,12812,23,0.17951920074929753
0.US,2023-04,Cannabinoids,10535,19,0.18035121025154247
0.US,2023-05,Cannabinoids,11174,10,0.08949346697691068
0.US,2023-06,Cannabinoids,11439,24,0.2098085496984002
0.US,2023-07,Cannabinoids,9135,14,0.15325670498084293
0.US,2023-08,Cannabinoids,9672,15,0.15508684863523575
0.US,2023-09,Cannabinoids,8352,11,0.13170498084291188
0.US,2023-10,Cannabinoids,8540,13,0.1522248243559719
0.US,2023-11,Cannabinoids,6647,3,0.045133142771174965
0.US,2023-12,Cannabinoids,5966,7,0.11733154542406972
0.US,2013-01,Cocaine,19266,0,0
0.US,2013-02,Cocaine,17105,0,0
0.US,2013-03,Cocaine,18635,0,0
0.US,2013-04,Cocaine,18817,0,0
0.US,2013-05,Cocaine,18780,0,0
0.US,2013-06,Cocaine,16385,1,0.006103143118706134
0.US,2013-07,Cocaine,18399,0,0
0.US,2013-08,Cocaine,18643,1,0.00536394357131363
0.US,2013-09,Cocaine,16879,0,0
0.US,2013-10,Cocaine,19100,3,0.015706806282722512
0.US,2013-11,Cocaine,14772,5,0.033847820200379096
0.US,2013-12,Cocaine,13994,9,0.06431327711876518
0.US,2014-01,Cocaine,16737,5,0.02987393200693075
0.US,2014-02,Cocaine,16350,9,0.05504587155963303
0.US,2014-03,Cocaine,18893,15,0.0793944847297941
0.US,2014-04,Cocaine,19093,12,0.06285025925731944
0.US,2014-05,Cocaine,17706,11,0.062125833050943186
0.US,2014-06,Cocaine,16428,10,0.060871682493304116
0.US,2014-07,Cocaine,16607,14,0.08430180044559522
0.US,2014-08,Cocaine,15805,19,0.12021512179689971
0.US,2014-09,Cocaine,16380,10,0.06105006105006105
0.US,2014-10,Cocaine,16888,20,0.11842728564661299
0.US,2014-11,Cocaine,13050,17,0.13026819923371646
0.US,2014-12,Cocaine,13833,14,0.10120725800621701
0.US,2015-01,Cocaine,15647,16,0.10225602351888541
0.US,2015-02,Cocaine,15009,14,0.09327736691318542
0.US,2015-03,Cocaine,17925,19,0.10599721059972106
0.US,2015-04,Cocaine,17573,26,0.14795424799408183
0.US,2015-05,Cocaine,15253,27,0.1770143578312463
0.US,2015-06,Cocaine,15906,45,0.2829121086382497
0.US,2015-07,Cocaine,17482,46,0.26312778858254204
0.US,2015-08,Cocaine,15920,38,0.23869346733668342
0.US,2015-09,Cocaine,16306,46,0.2821047467189991
0.US,2015-10,Cocaine,16780,42,0.2502979737783075
0.US,2015-11,Cocaine,14248,49,0.34390791690061767
0.US,2015-12,Cocaine,15300,59,0.3856209150326797
0.US,2016-01,Cocaine,15957,61,0.38227737043303883
0.US,2016-02,Cocaine,17142,74,0.43168825107922065
0.US,2016-03,Cocaine,19184,102,0.5316930775646372
0.US,2016-04,Cocaine,17407,120,0.6893778365025565
0.US,2016-05,Cocaine,16934,104,0.6141490492500296
0.US,2016-06,Cocaine,17752,106,0.5971158179360072
0.US,2016-07,Cocaine,15155,97,0.6400527878587925
0.US,2016-08,Cocaine,17877,133,0.7439727023549813
0.US,2016-09,Cocaine,17371,134,0.771400610212423
0.US,2016-10,Cocaine,16036,136,0.8480917934647045
0.US,2016-11,Cocaine,15387,155,1.0073438617014363
0.US,2016-12,Cocaine,15075,126,0.835820895522388
0.US,2017-01,Cocaine,17470,158,0.90440755580996
0.US,2017-02,Cocaine,17472,168,0.9615384615384616
0.US,2017-03,Cocaine,21092,247,1.1710601175801252
0.US,2017-04,Cocaine,18486,246,1.3307367737747484
0.US,2017-05,Cocaine,19777,287,1.4511806644081509
0.US,2017-06,Cocaine,19174,264,1.3768645040158547
0.US,2017-07,Cocaine,17427,203,1.164859126642566
0.US,2017-08,Cocaine,19859,223,1.1229165617604109
0.US,2017-09,Cocaine,17257,273,1.5819667381352494
0.US,2017-10,Cocaine,18587,233,1.2535643191477914
0.US,2017-11,Cocaine,17673,263,1.488145759067504
0.US,2017-12,Cocaine,15066,185,1.2279304393999735
0.US,2018-01,Cocaine,18503,285,1.540290763659947
0.US,2018-02,Cocaine,17557,243,1.3840633365609158
0.US,2018-03,Cocaine,20706,356,1.7193084130203806
0.US,2018-04,Cocaine,18990,305,1.6061084781463928
0.US,2018-05,Cocaine,20360,298,1.4636542239685657
0.US,2018-06,Cocaine,18489,263,1.4224674130564119
0.US,2018-07,Cocaine,18000,252,1.4000000000000001
0.US,2018-08,Cocaine,19240,336,1.7463617463617465
0.US,2018-09,Cocaine,16087,234,1.4545906632684777
0.US,2018-10,Cocaine,17688,277,1.5660334690185438
0.US,2018-11,Cocaine,15427,273,1.7696246839955923
0.US,2018-12,Cocaine,13596,220,1.6181229773462782
0.US,2019-01,Cocaine,17834,312,1.7494673096332847
0.US,2019-02,Cocaine,16191,262,1.6181829411401398
0.US,2019-03,Cocaine,17976,346,1.9247886070315978
0.US,2019-04,Cocaine,18063,281,1.5556662791341416
0.US,2019-05,Cocaine,18229,325,1.7828734434143396
0.US,2019-06,Cocaine,15964,342,2.1423202204961163
0.US,2019-07,Cocaine,17342,332,1.9144274016837735
0.US,2019-08,Cocaine,16189,330,2.0384211501636917
0.US,2019-09,Cocaine,15323,315,2.055733211512106
0.US,2019-10,Cocaine,16983,345,2.031443207913796
0.US,2019-11,Cocaine,13786,298,2.1616132308138694
0.US,2019-12,Cocaine,12835,244,1.901051811453058
0.US,2020-01,Cocaine,16507,309,1.8719331192827284
0.US,2020-02,Cocaine,14884,265,1.7804353668368718
0.US,2020-03,Cocaine,13193,240,1.8191465170923973
0.US,2020-04,Cocaine,7727,168,2.174194383331176
0.US,2020-05,Cocaine,11311,272,2.404738749889488
0.US,2020-06,Cocaine,10952,250,2.282688093498904
0.US,2020-07,Cocaine,11943,269,2.2523654023277233
0.US,2020-08,Cocaine,12042,259,2.1508055140342135
0.US,2020-09,Cocaine,12850,263,2.0466926070038913
0.US,2020-10,Cocaine,12172,266,2.1853434111074597
0.US,2020-11,Cocaine,9650,208,2.155440414507772
0.US,2020-12,Cocaine,10700,233,2.177570093457944
0.US,2021-01,Cocaine,11827,308,2.604210704320622
0.US,2021-02,Cocaine,11365,336,2.956445226572811
0.US,2021-03,Cocaine,14524,414,2.850454420269898
0.US,2021-04,Cocaine,14082,401,2.847606874023576
0.US,2021-05,Cocaine,12732,346,2.7175620483820295
0.US,2021-06,Cocaine,13967,363,2.598983317820577
0.US,2021-07,Cocaine,13227,362,2.7368261888561274
0.US,2021-08,Cocaine,12859,395,3.071778520880317
0.US,2021-09,Cocaine,12501,336,2.687784977201824
0.US,2021-10,Cocaine,11650,320,2.7467811158798283
0.US,2021-11,Cocaine,10362,283,2.731132985910056
0.US,2021-12,Cocaine,10622,306,2.880813406138204
0.US,2022-01,Cocaine,10896,339,3.111233480176211
0.US,2022-02,Cocaine,11325,341,3.0110375275938193
0.US,2022-03,Cocaine,14879,461,3.0983265004368574
0.US,2022-04,Cocaine,12499,436,3.488279062324986
0.US,2022-05,Cocaine,12550,432,3.4422310756972117
0.US,2022-06,Cocaine,13082,374,2.8588900779697295
0.US,2022-07,Cocaine,12185,372,3.052933935166188
0.US,2022-08,Cocaine,13410,411,3.0648769574944073
0.US,2022-09,Cocaine,12367,364,2.943316891727986
0.US,2022-10,Cocaine,11898,365,3.067742477727349
0.US,2022-11,Cocaine,10921,298,2.728687849098068
0.US,2022-12,Cocaine,10148,313,3.08435159637367
0.US,2023-01,Cocaine,12998,437,3.3620557008770575
0.US,2023-02,Cocaine,12194,468,3.8379530916844353
0.US,2023-03,Cocaine,14877,498,3.347449082476306
0.US,2023-04,Cocaine,11982,398,3.3216491403772324
0.US,2023-05,Cocaine,13125,387,2.9485714285714284
0.US,2023-06,Cocaine,13006,420,3.229278794402583
0.US,2023-07,Cocaine,11455,353,3.081623745089481
0.US,2023-08,Cocaine,12960,375,2.8935185185185186
0.US,2023-09,Cocaine,10670,282,2.642924086223055
0.US,2023-10,Cocaine,9939,210,2.112888620585572
0.US,2023-11,Cocaine,8685,180,2.072538860103627
0.US,2023-12,Cocaine,6911,161,2.3296194472579947
0.US,2013-01,Heroin,12764,0,0
0.US,2013-02,Heroin,11150,0,0
0.US,2013-03,Heroin,12300,0,0
0.US,2013-04,Heroin,12700,3,0.023622047244094488
0.US,2013-05,Heroin,13053,7,0.053627518578104647
0.US,2013-06,Heroin,11629,17,0.14618625849170178
0.US,2013-07,Heroin,13084,6,0.04585753592173647
0.US,2013-08,Heroin,13579,10,0.07364312541424257
0.US,2013-09,Heroin,12414,4,0.03222168519413565
0.US,2013-10,Heroin,13330,10,0.07501875468867217
0.US,2013-11,Heroin,11573,22,0.19009764106109045
0.US,2013-12,Heroin,10554,36,0.34110289937464466
0.US,2014-01,Heroin,13033,103,0.7903015422389319
0.US,2014-02,Heroin,12731,117,0.9190165737176968
0.US,2014-03,Heroin,14504,164,1.1307225592939878
0.US,2014-04,Heroin,14608,163,1.1158269441401971
0.US,2014-05,Heroin,14328,117,0.8165829145728644
0.US,2014-06,Heroin,14066,96,0.6824968007962463
0.US,2014-07,Heroin,15053,87,0.5779578821497375
0.US,2014-08,Heroin,13948,89,0.6380843131631776
0.US,2014-09,Heroin,14567,93,0.6384293265600329
0.US,2014-10,Heroin,14493,138,0.9521838128751811
0.US,2014-11,Heroin,11202,150,1.339046598821639
0.US,2014-12,Heroin,12584,153,1.215829624920534
0.US,2015-01,Heroin,14293,203,1.420275659413699
0.US,2015-02,Heroin,13496,199,1.474510966212211
0.US,2015-03,Heroin,15998,233,1.4564320540067508
0.US,2015-04,Heroin,15491,283,1.8268672132205799
0.US,2015-05,Heroin,13987,304,2.1734467720025736
0.US,2015-06,Heroin,14974,322,2.150394016294911
0.US,2015-07,Heroin,16095,350,2.174588381484933
0.US,2015-08,Heroin,14102,277,1.9642603885973622
0.US,2015-09,Heroin,15274,413,2.703941338221815
0.US,2015-10,Heroin,14644,524,3.5782573067467904
0.US,2015-11,Heroin,12909,454,3.5169261755364474
0.US,2015-12,Heroin,13708,436,3.180624452874234
0.US,2016-01,Heroin,14413,420,2.9140359397765905
0.US,2016-02,Heroin,15092,589,3.9027299231380868
0.US,2016-03,Heroin,16903,821,4.857125953972668
0.US,2016-04,Heroin,14687,822,5.596786273575271
0.US,2016-05,Heroin,14514,855,5.890863993385696
0.US,2016-06,Heroin,15456,953,6.165890269151139
0.US,2016-07,Heroin,13427,774,5.764504356892828
0.US,2016-08,Heroin,15322,1055,6.8855240830178825
0.US,2016-09,Heroin,14886,1278,8.585247883917775
0.US,2016-10,Heroin,13565,1146,8.448212311094728
0.US,2016-11,Heroin,12477,1260,10.098581389757152
0.US,2016-12,Heroin,12168,1191,9.787968441814595
0.US,2017-01,Heroin,14177,1670,11.779643083868237
0.US,2017-02,Heroin,13987,1777,12.70465432187031
0.US,2017-03,Heroin,15832,1952,12.329459322890349
0.US,2017-04,Heroin,13498,1766,13.083419765891243
0.US,2017-05,Heroin,14405,1907,13.238458868448454
0.US,2017-06,Heroin,13914,2089,15.013655311197354
0.US,2017-07,Heroin,12309,2069,16.808839060849785
0.US,2017-08,Heroin,14197,2220,15.637106430936113
0.US,2017-09,Heroin,12325,2202,17.866125760649087
0.US,2017-10,Heroin,12433,2142,17.22834392342958
0.US,2017-11,Heroin,11468,1992,17.370073247296826
0.US,2017-12,Heroin,10070,1860,18.470705064548163
0.US,2018-01,Heroin,11973,2394,19.99498872463042
0.US,2018-02,Heroin,11708,2188,18.68807652886915
0.US,2018-03,Heroin,12908,2702,20.932754880694144
0.US,2018-04,Heroin,12008,2500,20.819453697534975
0.US,2018-05,Heroin,12573,2869,22.818738566770065
0.US,2018-06,Heroin,12129,2659,21.922664687938003
0.US,2018-07,Heroin,12168,2794,22.961867192636422
0.US,2018-08,Heroin,13105,2981,22.74704311331553
0.US,2018-09,Heroin,10804,2609,24.148463532025175
0.US,2018-10,Heroin,11962,2721,22.747032268851363
0.US,2018-11,Heroin,10902,2430,22.28948816730875
0.US,2018-12,Heroin,9764,2220,22.736583367472345
0.US,2019-01,Heroin,12684,2702,21.30242825607064
0.US,2019-02,Heroin,11141,2400,21.542051880441612
0.US,2019-03,Heroin,12519,2875,22.965093058551002
0.US,2019-04,Heroin,12125,2794,23.043298969072165
0.US,2019-05,Heroin,12515,3054,24.402716739912105
0.US,2019-06,Heroin,11056,2601,23.525687409551374
0.US,2019-07,Heroin,11881,2920,24.577055803383555
0.US,2019-08,Heroin,11290,2686,23.79096545615589
0.US,2019-09,Heroin,9841,2364,24.02194898892389
0.US,2019-10,Heroin,10683,2598,24.31901151361977
0.US,2019-11,Heroin,8629,2300,26.654305249739252
0.US,2019-12,Heroin,8078,2016,24.956672443674176
0.US,2020-01,Heroin,10181,2675,26.27443276691877
0.US,2020-02,Heroin,9062,2352,25.95453542264401
0.US,2020-03,Heroin,7501,1750,23.330222636981734
0.US,2020-04,Heroin,5340,1160,21.722846441947567
0.US,2020-05,Heroin,8491,2156,25.39159109645507
0.US,2020-06,Heroin,8711,2218,25.462059465044195
0.US,2020-07,Heroin,9960,2454,24.63855421686747
0.US,2020-08,Heroin,9348,2498,26.722293538724863
0.US,2020-09,Heroin,9026,2351,26.046975404387325
0.US,2020-10,Heroin,8487,2275,26.805702839637092
0.US,2020-11,Heroin,6506,1818,27.943436827543806
0.US,2020-12,Heroin,6828,1912,28.002343292325715
0.US,2021-01,Heroin,7074,2188,30.9301668080294
0.US,2021-02,Heroin,6798,2056,30.24418946749044
0.US,2021-03,Heroin,8317,2830,34.0266923169412
0.US,2021-04,Heroin,7367,2311,31.36962128410479
0.US,2021-05,Heroin,6466,1915,29.616455304670588
0.US,2021-06,Heroin,6558,2296,35.01067398597133
0.US,2021-07,Heroin,5692,1933,33.95994378074491
0.US,2021-08,Heroin,5280,1840,34.84848484848485
0.US,2021-09,Heroin,4723,1624,34.38492483590938
0.US,2021-10,Heroin,4080,1512,37.05882352941177
0.US,2021-11,Heroin,3697,1448,39.166892074655124
0.US,2021-12,Heroin,3470,1274,36.71469740634006
0.US,2022-01,Heroin,3695,1457,39.43166441136671
0.US,2022-02,Heroin,3825,1552,40.57516339869281
0.US,2022-03,Heroin,4251,1740,40.93154551870148
0.US,2022-04,Heroin,3331,1328,39.867907535274696
0.US,2022-05,Heroin,3270,1293,39.54128440366972
0.US,2022-06,Heroin,3561,1617,45.40859309182814
0.US,2022-07,Heroin,3133,1394,44.494095116501754
0.US,2022-08,Heroin,3266,1372,42.00857317819963
0.US,2022-09,Heroin,2832,1240,43.78531073446328
0.US,2022-10,Heroin,2529,1067,42.190589165678134
0.US,2022-11,Heroin,2426,1137,46.86727122835944
0.US,2022-12,Heroin,2137,1021,47.77725783809078
0.US,2023-01,Heroin,2599,1214,46.710273181993074
0.US,2023-02,Heroin,2530,1242,49.09090909090909
0.US,2023-03,Heroin,2701,1281,47.42687893372825
0.US,2023-04,Heroin,2268,1150,50.70546737213404
0.US,2023-05,Heroin,2265,1151,50.81677704194261
0.US,2023-06,Heroin,2225,1112,49.97752808988764
0.US,2023-07,Heroin,1960,933,47.60204081632653
0.US,2023-08,Heroin,2076,975,46.96531791907515
0.US,2023-09,Heroin,1597,725,45.397620538509706
0.US,2023-10,Heroin,1431,653,45.6324248777079
0.US,2023-11,Heroin,1191,565,47.43912678421495
0.US,2023-12,Heroin,952,449,47.16386554621849
0.US,2013-01,Prescription opioids,10841,0,0
0.US,2013-02,Prescription opioids,9553,1,0.010467915837956664
0.US,2013-03,Prescription opioids,9906,1,0.010094891984655765
0.US,2013-04,Prescription opioids,9505,0,0
0.US,2013-05,Prescription opioids,10061,0,0
0.US,2013-06,Prescription opioids,8610,1,0.011614401858304297
0.US,2013-07,Prescription opioids,9661,0,0
0.US,2013-08,Prescription opioids,9540,0,0
0.US,2013-09,Prescription opioids,9416,0,0
0.US,2013-10,Prescription opioids,10032,1,0.009968102073365232
0.US,2013-11,Prescription opioids,8125,0,0
0.US,2013-12,Prescription opioids,8125,2,0.024615384615384615
0.US,2014-01,Prescription opioids,9836,0,0
0.US,2014-02,Prescription opioids,9068,4,0.044111160123511246
0.US,2014-03,Prescription opioids,9857,2,0.020290149132596125
0.US,2014-04,Prescription opioids,9182,6,0.0653452406883032
0.US,2014-05,Prescription opioids,9282,1,0.010773540185304891
0.US,2014-06,Prescription opioids,9081,4,0.04404801233344346
0.US,2014-07,Prescription opioids,10171,1,0.009831874938550781
0.US,2014-08,Prescription opioids,9448,1,0.010584250635055038
0.US,2014-09,Prescription opioids,8965,0,0
0.US,2014-10,Prescription opioids,9459,4,0.04228776826302992
0.US,2014-11,Prescription opioids,6827,0,0
0.US,2014-12,Prescription opioids,7867,2,0.025422651582560064
0.US,2015-01,Prescription opioids,8643,2,0.023140113386555593
0.US,2015-02,Prescription opioids,7979,2,0.025065797719012406
0.US,2015-03,Prescription opioids,8879,3,0.03378758869242032
0.US,2015-04,Prescription opioids,8816,4,0.045372050816696916
0.US,2015-05,Prescription opioids,7874,4,0.05080010160020319
0.US,2015-06,Prescription opioids,8474,3,0.03540240736370073
0.US,2015-07,Prescription opioids,9046,5,0.0552730488613752
0.US,2015-08,Prescription opioids,8155,2,0.02452483139178418
0.US,2015-09,Prescription opioids,8409,8,0.09513616363420145
0.US,2015-10,Prescription opioids,8549,5,0.05848637267516669
0.US,2015-11,Prescription opioids,7159,4,0.055873725380639755
0.US,2015-12,Prescription opioids,7925,7,0.08832807570977917
0.US,2016-01,Prescription opioids,8137,8,0.09831633280078653
0.US,2016-02,Prescription opioids,8584,7,0.081547064305685
0.US,2016-03,Prescription opioids,8989,9,0.10012237178774056
0.US,2016-04,Prescription opioids,8146,6,0.07365578197888534
0.US,2016-05,Prescription opioids,8050,17,0.2111801242236025
0.US,2016-06,Prescription opioids,8578,15,0.1748659361156447
0.US,2016-07,Prescription opioids,7150,10,0.13986013986013987
0.US,2016-08,Prescription opioids,8522,17,0.19948368927481813
0.US,2016-09,Prescription opioids,8217,28,0.3407569672629914
0.US,2016-10,Prescription opioids,7070,18,0.2545968882602546
0.US,2016-11,Prescription opioids,6744,12,0.1779359430604982
0.US,2016-12,Prescription opioids,6902,16,0.23181686467690527
0.US,2017-01,Prescription opioids,7850,22,0.2802547770700637
0.US,2017-02,Prescription opioids,7504,42,0.5597014925373134
0.US,2017-03,Prescription opioids,8754,38,0.4340872743888508
0.US,2017-04,Prescription opioids,6772,28,0.4134672179562906
0.US,2017-05,Prescription opioids,7940,29,0.36523929471032746
0.US,2017-06,Prescription opioids,7526,26,0.34546904065904865
0.US,2017-07,Prescription opioids,7281,28,0.3845625600879
0.US,2017-08,Prescription opioids,7755,26,0.3352675693101225
0.US,2017-09,Prescription opioids,6628,27,0.4073627036813518
0.US,2017-10,Prescription opioids,7003,24,0.3427102670284164
0.US,2017-11,Prescription opioids,6488,22,0.33908754623921084
0.US,2017-12,Prescription opioids,5750,15,0.26086956521739135
0.US,2018-01,Prescription opioids,6684,23,0.3441053261520048
0.US,2018-02,Prescription opioids,6399,33,0.5157055789967182
0.US,2018-03,Prescription opioids,6918,26,0.37583116507661174
0.US,2018-04,Prescription opioids,6416,31,0.48316708229426436
0.US,2018-05,Prescription opioids,6528,21,0.3216911764705882
0.US,2018-06,Prescription opioids,6312,33,0.5228136882129277
0.US,2018-07,Prescription opioids,6120,15,0.24509803921568626
0.US,2018-08,Prescription opioids,6984,41,0.5870561282932417
0.US,2018-09,Prescription opioids,5694,25,0.43905865823674045
0.US,2018-10,Prescription opioids,6106,29,0.4749426793318048
0.US,2018-11,Prescription opioids,5071,17,0.33523959771248274
0.US,2018-12,Prescription opioids,4616,19,0.4116117850953206
0.US,2019-01,Prescription opioids,6377,28,0.43907793633369924
0.US,2019-02,Prescription opioids,5498,20,0.36376864314296103
0.US,2019-03,Prescription opioids,5689,27,0.47460010546669007
0.US,2019-04,Prescription opioids,5577,26,0.4662004662004662
0.US,2019-05,Prescription opioids,5862,19,0.32412146025247357
0.US,2019-06,Prescription opioids,5058,27,0.5338078291814947
0.US,2019-07,Prescription opioids,5774,32,0.5542085209560097
0.US,2019-08,Prescription opioids,5920,28,0.472972972972973
0.US,2019-09,Prescription opioids,5108,163,3.1910728269381363
0.US,2019-10,Prescription opioids,5552,14,0.2521613832853026
0.US,2019-11,Prescription opioids,4174,25,0.5989458552946814
0.US,2019-12,Prescription opioids,4348,60,1.3799448022079117
0.US,2020-01,Prescription opioids,5352,35,0.6539611360239163
0.US,2020-02,Prescription opioids,4710,32,0.6794055201698515
0.US,2020-03,Prescription opioids,4062,27,0.6646971935007385
0.US,2020-04,Prescription opioids,2769,16,0.577825929938606
0.US,2020-05,Prescription opioids,3696,37,1.001082251082251
0.US,2020-06,Prescription opioids,4078,47,1.152525747915645
0.US,2020-07,Prescription opioids,4123,33,0.8003880669415474
0.US,2020-08,Prescription opioids,4345,54,1.2428078250863062
0.US,2020-09,Prescription opioids,4351,62,1.4249597793610664
0.US,2020-10,Prescription opioids,4176,27,0.646551724137931
0.US,2020-11,Prescription opioids,3268,21,0.642594859241126
0.US,2020-12,Prescription opioids,3678,39,1.0603588907014683
0.US,2021-01,Prescription opioids,3719,42,1.12933584296854
0.US,2021-02,Prescription opioids,3540,70,1.977401129943503
0.US,2021-03,Prescription opioids,4333,29,0.6692822524809601
0.US,2021-04,Prescription opioids,3739,32,0.8558438085049478
0.US,2021-05,Prescription opioids,3402,42,1.2345679012345678
0.US,2021-06,Prescription opioids,3775,37,0.980132450331126
0.US,2021-07,Prescription opioids,3501,36,1.0282776349614395
0.US,2021-08,Prescription opioids,3467,33,0.951831554658206
0.US,2021-09,Prescription opioids,3055,31,1.0147299509001637
0.US,2021-10,Prescription opioids,2955,24,0.8121827411167513
0.US,2021-11,Prescription opioids,2702,10,0.3700962250185048
0.US,2021-12,Prescription opioids,2686,18,0.6701414743112435
0.US,2022-01,Prescription opioids,2986,37,1.2391158740790356
0.US,2022-02,Prescription opioids,2932,36,1.227830832196453
0.US,2022-03,Prescription opioids,3548,41,1.1555806087936866
0.US,2022-04,Prescription opioids,3107,32,1.0299324106855487
0.US,2022-05,Prescription opioids,2981,49,1.6437437101643744
0.US,2022-06,Prescription opioids,3126,33,1.055662188099808
0.US,2022-07,Prescription opioids,2862,32,1.1180992313067784
0.US,2022-08,Prescription opioids,3238,54,1.6676961087090798
0.US,2022-09,Prescription opioids,2762,26,0.9413468501086171
0.US,2022-10,Prescription opioids,2661,31,1.1649755730928222
0.US,2022-11,Prescription opioids,2360,23,0.9745762711864407
0.US,2022-12,Prescription opioids,2182,36,1.6498625114573784
0.US,2023-01,Prescription opioids,2961,30,1.0131712259371835
0.US,2023-02,Prescription opioids,2626,33,1.2566641279512565
0.US,2023-03,Prescription opioids,2973,33,1.109989909182644
0.US,2023-04,Prescription opioids,2396,27,1.1268781302170283
0.US,2023-05,Prescription opioids,2624,34,1.295731707317073
0.US,2023-06,Prescription opioids,2590,25,0.9652509652509652
0.US,2023-07,Prescription opioids,2309,23,0.996102208748376
0.US,2023-08,Prescription opioids,2493,39,1.5643802647412757
0.US,2023-09,Prescription opioids,1931,12,0.6214396685655101
0.US,2023-10,Prescription opioids,1821,24,1.3179571663920924
0.US,2023-11,Prescription opioids,1512,6,0.3968253968253968
0.US,2023-12,Prescription opioids,1252,7,0.5591054313099041
0.US,2013-01,Prescription benzodiazepines,4551,0,0
0.US,2013-02,Prescription benzodiazepines,3927,0,0
0.US,2013-03,Prescription benzodiazepines,4426,0,0
0.US,2013-04,Prescription benzodiazepines,4304,0,0
0.US,2013-05,Prescription benzodiazepines,4700,0,0
0.US,2013-06,Prescription benzodiazepines,4078,0,0
0.US,2013-07,Prescription benzodiazepines,4523,0,0
0.US,2013-08,Prescription benzodiazepines,4438,0,0
0.US,2013-09,Prescription benzodiazepines,4306,1,0.023223409196470042
0.US,2013-10,Prescription benzodiazepines,4722,0,0
0.US,2013-11,Prescription benzodiazepines,3718,0,0
0.US,2013-12,Prescription benzodiazepines,3741,0,0
0.US,2014-01,Prescription benzodiazepines,4654,0,0
0.US,2014-02,Prescription benzodiazepines,4537,0,0
0.US,2014-03,Prescription benzodiazepines,4970,0,0
0.US,2014-04,Prescription benzodiazepines,5077,0,0
0.US,2014-05,Prescription benzodiazepines,5055,0,0
0.US,2014-06,Prescription benzodiazepines,4798,0,0
0.US,2014-07,Prescription benzodiazepines,5303,0,0
0.US,2014-08,Prescription benzodiazepines,4754,0,0
0.US,2014-09,Prescription benzodiazepines,4768,1,0.02097315436241611
0.US,2014-10,Prescription benzodiazepines,4896,0,0
0.US,2014-11,Prescription benzodiazepines,3637,0,0
0.US,2014-12,Prescription benzodiazepines,4203,0,0
0.US,2015-01,Prescription benzodiazepines,4797,0,0
0.US,2015-02,Prescription benzodiazepines,4663,0,0
0.US,2015-03,Prescription benzodiazepines,5585,1,0.017905102954341987
0.US,2015-04,Prescription benzodiazepines,5440,0,0
0.US,2015-05,Prescription benzodiazepines,4940,0,0
0.US,2015-06,Prescription benzodiazepines,5178,0,0
0.US,2015-07,Prescription benzodiazepines,5265,2,0.03798670465337132
0.US,2015-08,Prescription benzodiazepines,4904,2,0.040783034257748776
0.US,2015-09,Prescription benzodiazepines,5208,1,0.019201228878648235
0.US,2015-10,Prescription benzodiazepines,5246,0,0
0.US,2015-11,Prescription benzodiazepines,4276,0,0
0.US,2015-12,Prescription benzodiazepines,4907,2,0.04075810067250866
0.US,2016-01,Prescription benzodiazepines,5168,7,0.13544891640866874
0.US,2016-02,Prescription benzodiazepines,5280,1,0.01893939393939394
0.US,2016-03,Prescription benzodiazepines,6675,11,0.1647940074906367
0.US,2016-04,Prescription benzodiazepines,6175,11,0.17813765182186234
0.US,2016-05,Prescription benzodiazepines,6268,16,0.2552648372686663
0.US,2016-06,Prescription benzodiazepines,6484,13,0.20049352251696484
0.US,2016-07,Prescription benzodiazepines,5679,20,0.35217467864060575
0.US,2016-08,Prescription benzodiazepines,6271,16,0.2551427204592569
0.US,2016-09,Prescription benzodiazepines,5862,23,0.39235755714773113
0.US,2016-10,Prescription benzodiazepines,5247,11,0.20964360587002098
0.US,2016-11,Prescription benzodiazepines,5027,6,0.11935548040580862
0.US,2016-12,Prescription benzodiazepines,4939,3,0.060741040696497266
0.US,2017-01,Prescription benzodiazepines,5942,10,0.1682935038707506
0.US,2017-02,Prescription benzodiazepines,5475,7,0.1278538812785388
0.US,2017-03,Prescription benzodiazepines,6514,13,0.19957015658581514
0.US,2017-04,Prescription benzodiazepines,5332,17,0.31882970742685673
0.US,2017-05,Prescription benzodiazepines,5738,6,0.10456605088881143
0.US,2017-06,Prescription benzodiazepines,5630,13,0.23090586145648315
0.US,2017-07,Prescription benzodiazepines,4924,9,0.18277822908204713
0.US,2017-08,Prescription benzodiazepines,5594,4,0.07150518412584912
0.US,2017-09,Prescription benzodiazepines,4677,7,0.14966859097712207
0.US,2017-10,Prescription benzodiazepines,5145,11,0.2137998056365403
0.US,2017-11,Prescription benzodiazepines,4736,5,0.10557432432432433
0.US,2017-12,Prescription benzodiazepines,4198,5,0.11910433539780849
0.US,2018-01,Prescription benzodiazepines,5088,12,0.2358490566037736
0.US,2018-02,Prescription benzodiazepines,4508,9,0.19964507542147292
0.US,2018-03,Prescription benzodiazepines,4982,16,0.3211561621838619
0.US,2018-04,Prescription benzodiazepines,4696,10,0.21294718909710392
0.US,2018-05,Prescription benzodiazepines,4822,14,0.2903359601824969
0.US,2018-06,Prescription benzodiazepines,4498,3,0.06669630947087594
0.US,2018-07,Prescription benzodiazepines,4534,7,0.15438906043228937
0.US,2018-08,Prescription benzodiazepines,4969,6,0.12074864157778226
0.US,2018-09,Prescription benzodiazepines,4265,8,0.18757327080890973
0.US,2018-10,Prescription benzodiazepines,4626,6,0.12970168612191957
0.US,2018-11,Prescription benzodiazepines,3812,6,0.15739769150052466
0.US,2018-12,Prescription benzodiazepines,3445,11,0.31930333817126266
0.US,2019-01,Prescription benzodiazepines,4382,11,0.25102692834322227
0.US,2019-02,Prescription benzodiazepines,3582,7,0.1954215522054718
0.US,2019-03,Prescription benzodiazepines,3502,8,0.2284408909194746
0.US,2019-04,Prescription benzodiazepines,3450,4,0.11594202898550725
0.US,2019-05,Prescription benzodiazepines,3435,4,0.11644832605531297
0.US,2019-06,Prescription benzodiazepines,3021,8,0.264812975835816
0.US,2019-07,Prescription benzodiazepines,3224,8,0.24813895781637718
0.US,2019-08,Prescription benzodiazepines,3234,6,0.1855287569573284
0.US,2019-09,Prescription benzodiazepines,2775,4,0.14414414414414414
0.US,2019-10,Prescription benzodiazepines,3138,6,0.19120458891013384
0.US,2019-11,Prescription benzodiazepines,2471,6,0.24281667341157423
0.US,2019-12,Prescription benzodiazepines,2409,7,0.29057700290577004
0.US,2020-01,Prescription benzodiazepines,2854,9,0.31534688156972673
0.US,2020-02,Prescription benzodiazepines,2633,4,0.1519179642992784
0.US,2020-03,Prescription benzodiazepines,2375,2,0.08421052631578947
0.US,2020-04,Prescription benzodiazepines,1645,4,0.24316109422492402
0.US,2020-05,Prescription benzodiazepines,2420,3,0.12396694214876033
0.US,2020-06,Prescription benzodiazepines,2556,7,0.27386541471048514
0.US,2020-07,Prescription benzodiazepines,2719,10,0.3677822728944465
0.US,2020-08,Prescription benzodiazepines,2846,7,0.2459592410400562
0.US,2020-09,Prescription benzodiazepines,2590,11,0.42471042471042475
0.US,2020-10,Prescription benzodiazepines,2481,2,0.08061265618702136
0.US,2020-11,Prescription benzodiazepines,1892,4,0.21141649048625794
0.US,2020-12,Prescription benzodiazepines,2147,7,0.3260363297624593
0.US,2021-01,Prescription benzodiazepines,2315,4,0.17278617710583152
0.US,2021-02,Prescription benzodiazepines,2146,9,0.4193849021435228
0.US,2021-03,Prescription benzodiazepines,2884,7,0.24271844660194172
0.US,2021-04,Prescription benzodiazepines,2616,11,0.4204892966360856
0.US,2021-05,Prescription benzodiazepines,2198,10,0.4549590536851683
0.US,2021-06,Prescription benzodiazepines,2255,16,0.7095343680709534
0.US,2021-07,Prescription benzodiazepines,2065,5,0.24213075060532688
0.US,2021-08,Prescription benzodiazepines,1944,3,0.15432098765432098
0.US,2021-09,Prescription benzodiazepines,1838,7,0.38084874863982593
0.US,2021-10,Prescription benzodiazepines,1625,5,0.3076923076923077
0.US,2021-11,Prescription benzodiazepines,1440,0,0
0.US,2021-12,Prescription benzodiazepines,1539,5,0.3248862897985705
0.US,2022-01,Prescription benzodiazepines,1580,5,0.31645569620253167
0.US,2022-02,Prescription benzodiazepines,1564,4,0.2557544757033248
0.US,2022-03,Prescription benzodiazepines,2151,9,0.41841004184100417
0.US,2022-04,Prescription benzodiazepines,1738,7,0.4027617951668585
0.US,2022-05,Prescription benzodiazepines,1673,7,0.41841004184100417
0.US,2022-06,Prescription benzodiazepines,1746,11,0.6300114547537228
0.US,2022-07,Prescription benzodiazepines,1644,7,0.4257907542579075
0.US,2022-08,Prescription benzodiazepines,1665,13,0.7807807807807807
0.US,2022-09,Prescription benzodiazepines,1545,17,1.1003236245954693
0.US,2022-10,Prescription benzodiazepines,1452,9,0.6198347107438017
0.US,2022-11,Prescription benzodiazepines,1219,10,0.8203445447087777
0.US,2022-12,Prescription benzodiazepines,1295,8,0.6177606177606177
0.US,2023-01,Prescription benzodiazepines,1561,11,0.7046764894298526
0.US,2023-02,Prescription benzodiazepines,1501,7,0.4663557628247834
0.US,2023-03,Prescription benzodiazepines,1726,10,0.5793742757821553
0.US,2023-04,Prescription benzodiazepines,1267,9,0.7103393843725335
0.US,2023-05,Prescription benzodiazepines,1397,14,1.0021474588403723
0.US,2023-06,Prescription benzodiazepines,1454,8,0.5502063273727648
0.US,2023-07,Prescription benzodiazepines,1317,11,0.8352315869400152
0.US,2023-08,Prescription benzodiazepines,1426,4,0.2805049088359046
0.US,2023-09,Prescription benzodiazepines,1165,3,0.2575107296137339
0.US,2023-10,Prescription benzodiazepines,981,4,0.40774719673802245
0.US,2023-11,Prescription benzodiazepines,836,2,0.23923444976076555
0.US,2023-12,Prescription benzodiazepines,708,1,0.14124293785310735
0.US,2013-01,Prescription stimulants,1283,0,0
0.US,2013-02,Prescription stimulants,1233,0,0
0.US,2013-03,Prescription stimulants,1251,0,0
0.US,2013-04,Prescription stimulants,1173,0,0
0.US,2013-05,Prescription stimulants,1361,0,0
0.US,2013-06,Prescription stimulants,1041,0,0
0.US,2013-07,Prescription stimulants,1107,0,0
0.US,2013-08,Prescription stimulants,1056,0,0
0.US,2013-09,Prescription stimulants,1098,1,0.09107468123861566
0.US,2013-10,Prescription stimulants,1269,0,0
0.US,2013-11,Prescription stimulants,955,0,0
0.US,2013-12,Prescription stimulants,1058,0,0
0.US,2014-01,Prescription stimulants,1301,0,0
0.US,2014-02,Prescription stimulants,1176,0,0
0.US,2014-03,Prescription stimulants,1458,0,0
0.US,2014-04,Prescription stimulants,1316,0,0
0.US,2014-05,Prescription stimulants,1432,0,0
0.US,2014-06,Prescription stimulants,1168,0,0
0.US,2014-07,Prescription stimulants,1297,0,0
0.US,2014-08,Prescription stimulants,1220,0,0
0.US,2014-09,Prescription stimulants,1209,0,0
0.US,2014-10,Prescription stimulants,1260,0,0
0.US,2014-11,Prescription stimulants,989,1,0.10111223458038424
0.US,2014-12,Prescription stimulants,1199,1,0.08340283569641367
0.US,2015-01,Prescription stimulants,1191,0,0
0.US,2015-02,Prescription stimulants,1186,0,0
0.US,2015-03,Prescription stimulants,1440,0,0
0.US,2015-04,Prescription stimulants,1377,0,0
0.US,2015-05,Prescription stimulants,1282,0,0
0.US,2015-06,Prescription stimulants,1237,0,0
0.US,2015-07,Prescription stimulants,1304,1,0.07668711656441718
0.US,2015-08,Prescription stimulants,1146,1,0.08726003490401396
0.US,2015-09,Prescription stimulants,1190,0,0
0.US,2015-10,Prescription stimulants,1257,0,0
0.US,2015-11,Prescription stimulants,1182,0,0
0.US,2015-12,Prescription stimulants,1381,1,0.0724112961622013
0.US,2016-01,Prescription stimulants,1450,2,0.13793103448275862
0.US,2016-02,Prescription stimulants,1325,0,0
0.US,2016-03,Prescription stimulants,1597,1,0.06261740763932373
0.US,2016-04,Prescription stimulants,1494,0,0
0.US,2016-05,Prescription stimulants,1526,0,0
0.US,2016-06,Prescription stimulants,1408,1,0.07102272727272728
0.US,2016-07,Prescription stimulants,1143,0,0
0.US,2016-08,Prescription stimulants,1350,3,0.2222222222222222
0.US,2016-09,Prescription stimulants,1328,0,0
0.US,2016-10,Prescription stimulants,1286,0,0
0.US,2016-11,Prescription stimulants,1165,0,0
0.US,2016-12,Prescription stimulants,1238,1,0.08077544426494346
0.US,2017-01,Prescription stimulants,1464,1,0.06830601092896176
0.US,2017-02,Prescription stimulants,1340,0,0
0.US,2017-03,Prescription stimulants,1600,1,0.0625
0.US,2017-04,Prescription stimulants,1284,0,0
0.US,2017-05,Prescription stimulants,1439,0,0
0.US,2017-06,Prescription stimulants,1380,0,0
0.US,2017-07,Prescription stimulants,1256,0,0
0.US,2017-08,Prescription stimulants,1390,0,0
0.US,2017-09,Prescription stimulants,1225,1,0.0816326530612245
0.US,2017-10,Prescription stimulants,1352,1,0.07396449704142012
0.US,2017-11,Prescription stimulants,1364,2,0.1466275659824047
0.US,2017-12,Prescription stimulants,1133,0,0
0.US,2018-01,Prescription stimulants,1414,0,0
0.US,2018-02,Prescription stimulants,1377,0,0
0.US,2018-03,Prescription stimulants,1525,1,0.06557377049180328
0.US,2018-04,Prescription stimulants,1528,1,0.06544502617801047
0.US,2018-05,Prescription stimulants,1451,1,0.06891798759476223
0.US,2018-06,Prescription stimulants,1269,1,0.07880220646178093
0.US,2018-07,Prescription stimulants,1285,2,0.1556420233463035
0.US,2018-08,Prescription stimulants,1370,2,0.145985401459854
0.US,2018-09,Prescription stimulants,1165,1,0.08583690987124463
0.US,2018-10,Prescription stimulants,1274,1,0.07849293563579278
0.US,2018-11,Prescription stimulants,1230,2,0.16260162601626016
0.US,2018-12,Prescription stimulants,1039,0,0
0.US,2019-01,Prescription stimulants,1430,3,0.2097902097902098
0.US,2019-02,Prescription stimulants,1233,1,0.08110300081103002
0.US,2019-03,Prescription stimulants,1224,0,0
0.US,2019-04,Prescription stimulants,1269,1,0.07880220646178093
0.US,2019-05,Prescription stimulants,1231,0,0
0.US,2019-06,Prescription stimulants,1124,0,0
0.US,2019-07,Prescription stimulants,1175,0,0
0.US,2019-08,Prescription stimulants,1250,3,0.24
0.US,2019-09,Prescription stimulants,1014,3,0.2958579881656805
0.US,2019-10,Prescription stimulants,1222,1,0.08183306055646482
0.US,2019-11,Prescription stimulants,954,2,0.20964360587002098
0.US,2019-12,Prescription stimulants,962,0,0
0.US,2020-01,Prescription stimulants,1161,1,0.08613264427217916
0.US,2020-02,Prescription stimulants,1045,0,0
0.US,2020-03,Prescription stimulants,957,1,0.10449320794148381
0.US,2020-04,Prescription stimulants,558,1,0.17921146953405018
0.US,2020-05,Prescription stimulants,799,1,0.1251564455569462
0.US,2020-06,Prescription stimulants,933,0,0
0.US,2020-07,Prescription stimulants,977,1,0.1023541453428864
0.US,2020-08,Prescription stimulants,957,0,0
0.US,2020-09,Prescription stimulants,939,6,0.6389776357827476
0.US,2020-10,Prescription stimulants,862,3,0.34802784222737815
0.US,2020-11,Prescription stimulants,739,2,0.2706359945872801
0.US,2020-12,Prescription stimulants,821,2,0.24360535931790497
0.US,2021-01,Prescription stimulants,804,3,0.3731343283582089
0.US,2021-02,Prescription stimulants,720,0,0
0.US,2021-03,Prescription stimulants,1022,3,0.29354207436399216
0.US,2021-04,Prescription stimulants,912,4,0.43859649122807015
0.US,2021-05,Prescription stimulants,823,1,0.12150668286755771
0.US,2021-06,Prescription stimulants,877,3,0.34207525655644244
0.US,2021-07,Prescription stimulants,853,1,0.11723329425556857
0.US,2021-08,Prescription stimulants,780,1,0.1282051282051282
0.US,2021-09,Prescription stimulants,748,2,0.267379679144385
0.US,2021-10,Prescription stimulants,686,0,0
0.US,2021-11,Prescription stimulants,603,0,0
0.US,2021-12,Prescription stimulants,642,0,0
0.US,2022-01,Prescription stimulants,732,2,0.273224043715847
0.US,2022-02,Prescription stimulants,719,0,0
0.US,2022-03,Prescription stimulants,894,1,0.11185682326621924
0.US,2022-04,Prescription stimulants,737,2,0.27137042062415195
0.US,2022-05,Prescription stimulants,782,1,0.1278772378516624
0.US,2022-06,Prescription stimulants,779,2,0.25673940949935814
0.US,2022-07,Prescription stimulants,640,0,0
0.US,2022-08,Prescription stimulants,747,2,0.2677376171352075
0.US,2022-09,Prescription stimulants,726,3,0.4132231404958678
0.US,2022-10,Prescription stimulants,651,4,0.6144393241167435
0.US,2022-11,Prescription stimulants,582,0,0
0.US,2022-12,Prescription stimulants,586,0,0
0.US,2023-01,Prescription stimulants,667,1,0.14992503748125938
0.US,2023-02,Prescription stimulants,658,3,0.4559270516717325
0.US,2023-03,Prescription stimulants,773,1,0.129366106080207
0.US,2023-04,Prescription stimulants,597,0,0
0.US,2023-05,Prescription stimulants,628,0,0
0.US,2023-06,Prescription stimulants,616,1,0.16233766233766234
0.US,2023-07,Prescription stimulants,514,2,0.38910505836575876
0.US,2023-08,Prescription stimulants,631,1,0.15847860538827258
0.US,2023-09,Prescription stimulants,490,0,0
0.US,2023-10,Prescription stimulants,418,0,0
0.US,2023-11,Prescription stimulants,384,0,0
0.US,2023-12,Prescription stimulants,303,0,0
0.US,2013-01,Hallucinogens,924,0,0
0.US,2013-02,Hallucinogens,833,0,0
0.US,2013-03,Hallucinogens,896,0,0
0.US,2013-04,Hallucinogens,962,0,0
0.US,2013-05,Hallucinogens,1023,0,0
0.US,2013-06,Hallucinogens,903,0,0
0.US,2013-07,Hallucinogens,1106,0,0
0.US,2013-08,Hallucinogens,984,0,0
0.US,2013-09,Hallucinogens,712,0,0
0.US,2013-10,Hallucinogens,1032,0,0
0.US,2013-11,Hallucinogens,821,0,0
0.US,2013-12,Hallucinogens,821,0,0
0.US,2014-01,Hallucinogens,896,0,0
0.US,2014-02,Hallucinogens,870,0,0
0.US,2014-03,Hallucinogens,978,0,0
0.US,2014-04,Hallucinogens,1023,0,0
0.US,2014-05,Hallucinogens,1023,0,0
0.US,2014-06,Hallucinogens,1060,0,0
0.US,2014-07,Hallucinogens,1162,0,0
0.US,2014-08,Hallucinogens,940,0,0
0.US,2014-09,Hallucinogens,837,0,0
0.US,2014-10,Hallucinogens,978,0,0
0.US,2014-11,Hallucinogens,714,0,0
0.US,2014-12,Hallucinogens,885,0,0
0.US,2015-01,Hallucinogens,866,0,0
0.US,2015-02,Hallucinogens,880,0,0
0.US,2015-03,Hallucinogens,1043,0,0
0.US,2015-04,Hallucinogens,1055,0,0
0.US,2015-05,Hallucinogens,953,0,0
0.US,2015-06,Hallucinogens,1095,0,0
0.US,2015-07,Hallucinogens,1125,0,0
0.US,2015-08,Hallucinogens,1037,0,0
0.US,2015-09,Hallucinogens,1048,0,0
0.US,2015-10,Hallucinogens,1046,0,0
0.US,2015-11,Hallucinogens,855,0,0
0.US,2015-12,Hallucinogens,964,0,0
0.US,2016-01,Hallucinogens,958,0,0
0.US,2016-02,Hallucinogens,1040,0,0
0.US,2016-03,Hallucinogens,1135,0,0
0.US,2016-04,Hallucinogens,1110,0,0
0.US,2016-05,Hallucinogens,1067,0,0
0.US,2016-06,Hallucinogens,1262,0,0
0.US,2016-07,Hallucinogens,942,0,0
0.US,2016-08,Hallucinogens,1183,1,0.08453085376162299
0.US,2016-09,Hallucinogens,1116,0,0
0.US,2016-10,Hallucinogens,1021,0,0
0.US,2016-11,Hallucinogens,963,0,0
0.US,2016-12,Hallucinogens,896,0,0
0.US,2017-01,Hallucinogens,1044,0,0
0.US,2017-02,Hallucinogens,1078,1,0.0927643784786642
0.US,2017-03,Hallucinogens,1253,0,0
0.US,2017-04,Hallucinogens,1116,0,0
0.US,2017-05,Hallucinogens,1252,1,0.07987220447284345
0.US,2017-06,Hallucinogens,1310,0,0
0.US,2017-07,Hallucinogens,1149,0,0
0.US,2017-08,Hallucinogens,1145,0,0
0.US,2017-09,Hallucinogens,1090,1,0.09174311926605505
0.US,2017-10,Hallucinogens,1030,2,0.1941747572815534
0.US,2017-11,Hallucinogens,1000,1,0.1
0.US,2017-12,Hallucinogens,1010,1,0.09900990099009901
0.US,2018-01,Hallucinogens,1107,1,0.09033423667570009
0.US,2018-02,Hallucinogens,906,0,0
0.US,2018-03,Hallucinogens,1051,0,0
0.US,2018-04,Hallucinogens,1049,0,0
0.US,2018-05,Hallucinogens,1222,1,0.08183306055646482
0.US,2018-06,Hallucinogens,1121,0,0
0.US,2018-07,Hallucinogens,1158,0,0
0.US,2018-08,Hallucinogens,1197,0,0
0.US,2018-09,Hallucinogens,1071,0,0
0.US,2018-10,Hallucinogens,1177,1,0.08496176720475786
0.US,2018-11,Hallucinogens,981,0,0
0.US,2018-12,Hallucinogens,887,1,0.11273957158962795
0.US,2019-01,Hallucinogens,1156,1,0.08650519031141869
0.US,2019-02,Hallucinogens,1006,0,0
0.US,2019-03,Hallucinogens,1215,0,0
0.US,2019-04,Hallucinogens,1158,0,0
0.US,2019-05,Hallucinogens,1134,0,0
0.US,2019-06,Hallucinogens,1166,2,0.17152658662092624
0.US,2019-07,Hallucinogens,1270,0,0
0.US,2019-08,Hallucinogens,1139,0,0
0.US,2019-09,Hallucinogens,1099,2,0.18198362147406735
0.US,2019-10,Hallucinogens,1180,0,0
0.US,2019-11,Hallucinogens,965,1,0.10362694300518134
0.US,2019-12,Hallucinogens,1006,0,0
0.US,2020-01,Hallucinogens,1135,0,0
0.US,2020-02,Hallucinogens,1013,1,0.09871668311944717
0.US,2020-03,Hallucinogens,945,1,0.10582010582010583
0.US,2020-04,Hallucinogens,690,2,0.2898550724637681
0.US,2020-05,Hallucinogens,1128,0,0
0.US,2020-06,Hallucinogens,1357,2,0.14738393515106854
0.US,2020-07,Hallucinogens,1393,1,0.07178750897343862
0.US,2020-08,Hallucinogens,1425,2,0.14035087719298245
0.US,2020-09,Hallucinogens,1406,2,0.1422475106685633
0.US,2020-10,Hallucinogens,1453,1,0.06882312456985547
0.US,2020-11,Hallucinogens,1062,0,0
0.US,2020-12,Hallucinogens,1246,1,0.08025682182985554
0.US,2021-01,Hallucinogens,1238,4,0.32310177705977383
0.US,2021-02,Hallucinogens,1189,3,0.2523128679562658
0.US,2021-03,Hallucinogens,1544,6,0.38860103626943004
0.US,2021-04,Hallucinogens,1594,4,0.2509410288582183
0.US,2021-05,Hallucinogens,1291,0,0
0.US,2021-06,Hallucinogens,1382,0,0
0.US,2021-07,Hallucinogens,1325,2,0.1509433962264151
0.US,2021-08,Hallucinogens,1164,1,0.0859106529209622
0.US,2021-09,Hallucinogens,1251,4,0.31974420463629094
0.US,2021-10,Hallucinogens,1109,3,0.2705139765554554
0.US,2021-11,Hallucinogens,921,1,0.10857763300760044
0.US,2021-12,Hallucinogens,1033,2,0.1936108422071636
0.US,2022-01,Hallucinogens,1108,9,0.8122743682310468
0.US,2022-02,Hallucinogens,1044,4,0.38314176245210724
0.US,2022-03,Hallucinogens,1361,1,0.07347538574577515
0.US,2022-04,Hallucinogens,1118,2,0.17889087656529518
0.US,2022-05,Hallucinogens,1165,1,0.08583690987124463
0.US,2022-06,Hallucinogens,1354,2,0.14771048744460857
0.US,2022-07,Hallucinogens,1160,3,0.25862068965517243
0.US,2022-08,Hallucinogens,1325,6,0.4528301886792453
0.US,2022-09,Hallucinogens,1402,3,0.21398002853067047
0.US,2022-10,Hallucinogens,1060,6,0.5660377358490566
0.US,2022-11,Hallucinogens,924,2,0.21645021645021645
0.US,2022-12,Hallucinogens,920,4,0.43478260869565216
0.US,2023-01,Hallucinogens,1295,6,0.4633204633204633
0.US,2023-02,Hallucinogens,1093,3,0.2744739249771272
0.US,2023-03,Hallucinogens,1477,4,0.2708192281651997
0.US,2023-04,Hallucinogens,1141,6,0.5258545135845749
0.US,2023-05,Hallucinogens,1341,1,0.07457121551081282
0.US,2023-06,Hallucinogens,1455,2,0.13745704467353953
0.US,2023-07,Hallucinogens,1284,0,0
0.US,2023-08,Hallucinogens,1350,2,0.14814814814814814
0.US,2023-09,Hallucinogens,1106,1,0.09041591320072333
0.US,2023-10,Hallucinogens,953,2,0.2098635886673662
0.US,2023-11,Hallucinogens,867,0,0
0.US,2023-12,Hallucinogens,697,0,0
0.US,2013-01,Club drugs,441,0,0
0.US,2013-02,Club drugs,398,0,0
0.US,2013-03,Club drugs,469,0,0
0.US,2013-04,Club drugs,576,0,0
0.US,2013-05,Club drugs,577,0,0
0.US,2013-06,Club drugs,530,0,0
0.US,2013-07,Club drugs,610,0,0
0.US,2013-08,Club drugs,506,0,0
0.US,2013-09,Club drugs,510,0,0
0.US,2013-10,Club drugs,488,0,0
0.US,2013-11,Club drugs,346,0,0
0.US,2013-12,Club drugs,367,0,0
0.US,2014-01,Club drugs,447,0,0
0.US,2014-02,Club drugs,411,0,0
0.US,2014-03,Club drugs,485,0,0
0.US,2014-04,Club drugs,722,0,0
0.US,2014-05,Club drugs,957,2,0.20898641588296762
0.US,2014-06,Club drugs,1081,0,0
0.US,2014-07,Club drugs,1198,0,0
0.US,2014-08,Club drugs,1258,0,0
0.US,2014-09,Club drugs,1362,1,0.07342143906020558
0.US,2014-10,Club drugs,1337,0,0
0.US,2014-11,Club drugs,1000,2,0.2
0.US,2014-12,Club drugs,1068,0,0
0.US,2015-01,Club drugs,1210,2,0.1652892561983471
0.US,2015-02,Club drugs,1262,4,0.31695721077654515
0.US,2015-03,Club drugs,1524,1,0.06561679790026247
0.US,2015-04,Club drugs,1386,9,0.6493506493506493
0.US,2015-05,Club drugs,1236,4,0.3236245954692557
0.US,2015-06,Club drugs,1417,2,0.14114326040931546
0.US,2015-07,Club drugs,1441,1,0.06939625260235947
0.US,2015-08,Club drugs,1276,1,0.07836990595611285
0.US,2015-09,Club drugs,1366,2,0.14641288433382138
0.US,2015-10,Club drugs,1284,1,0.0778816199376947
0.US,2015-11,Club drugs,1087,0,0
0.US,2015-12,Club drugs,892,0,0
0.US,2016-01,Club drugs,891,0,0
0.US,2016-02,Club drugs,744,2,0.2688172043010753
0.US,2016-03,Club drugs,974,5,0.5133470225872689
0.US,2016-04,Club drugs,786,1,0.1272264631043257
0.US,2016-05,Club drugs,786,0,0
0.US,2016-06,Club drugs,896,0,0
0.US,2016-07,Club drugs,739,3,0.40595399188092013
0.US,2016-08,Club drugs,883,5,0.5662514156285391
0.US,2016-09,Club drugs,794,13,1.63727959697733
0.US,2016-10,Club drugs,519,6,1.1560693641618496
0.US,2016-11,Club drugs,470,2,0.425531914893617
0.US,2016-12,Club drugs,476,2,0.42016806722689076
0.US,2017-01,Club drugs,622,9,1.4469453376205788
0.US,2017-02,Club drugs,630,13,2.0634920634920633
0.US,2017-03,Club drugs,838,23,2.7446300715990453
0.US,2017-04,Club drugs,728,33,4.532967032967033
0.US,2017-05,Club drugs,767,41,5.345501955671447
0.US,2017-06,Club drugs,880,51,5.795454545454545
0.US,2017-07,Club drugs,701,35,4.9928673323823105
0.US,2017-08,Club drugs,840,37,4.404761904761905
0.US,2017-09,Club drugs,683,17,2.4890190336749636
0.US,2017-10,Club drugs,549,17,3.096539162112933
0.US,2017-11,Club drugs,616,17,2.75974025974026
0.US,2017-12,Club drugs,568,14,2.464788732394366
0.US,2018-01,Club drugs,609,16,2.6272577996715927
0.US,2018-02,Club drugs,612,12,1.9607843137254901
0.US,2018-03,Club drugs,853,15,1.7584994138335288
0.US,2018-04,Club drugs,683,14,2.049780380673499
0.US,2018-05,Club drugs,892,23,2.57847533632287
0.US,2018-06,Club drugs,787,10,1.2706480304955527
0.US,2018-07,Club drugs,807,28,3.469640644361834
0.US,2018-08,Club drugs,1003,44,4.3868394815553335
0.US,2018-09,Club drugs,791,20,2.5284450063211126
0.US,2018-10,Club drugs,832,22,2.644230769230769
0.US,2018-11,Club drugs,679,29,4.270986745213549
0.US,2018-12,Club drugs,592,27,4.5608108108108105
0.US,2019-01,Club drugs,880,48,5.454545454545454
0.US,2019-02,Club drugs,848,90,10.61320754716981
0.US,2019-03,Club drugs,957,59,6.165099268547544
0.US,2019-04,Club drugs,841,49,5.826397146254459
0.US,2019-05,Club drugs,921,69,7.491856677524431
0.US,2019-06,Club drugs,849,34,4.004711425206125
0.US,2019-07,Club drugs,966,47,4.865424430641822
0.US,2019-08,Club drugs,893,37,4.143337066069429
0.US,2019-09,Club drugs,785,33,4.203821656050955
0.US,2019-10,Club drugs,905,21,2.3204419889502765
0.US,2019-11,Club drugs,706,33,4.674220963172805
0.US,2019-12,Club drugs,729,27,3.7037037037037033
0.US,2020-01,Club drugs,752,36,4.787234042553192
0.US,2020-02,Club drugs,684,26,3.8011695906432745
0.US,2020-03,Club drugs,665,18,2.706766917293233
0.US,2020-04,Club drugs,467,15,3.2119914346895073
0.US,2020-05,Club drugs,651,15,2.3041474654377883
0.US,2020-06,Club drugs,733,15,2.046384720327422
0.US,2020-07,Club drugs,874,34,3.8901601830663615
0.US,2020-08,Club drugs,769,23,2.990897269180754
0.US,2020-09,Club drugs,868,33,3.8018433179723505
0.US,2020-10,Club drugs,760,42,5.526315789473684
0.US,2020-11,Club drugs,670,20,2.9850746268656714
0.US,2020-12,Club drugs,690,21,3.0434782608695654
0.US,2021-01,Club drugs,611,25,4.091653027823241
0.US,2021-02,Club drugs,638,24,3.761755485893417
0.US,2021-03,Club drugs,769,37,4.811443433029909
0.US,2021-04,Club drugs,741,19,2.564102564102564
0.US,2021-05,Club drugs,533,21,3.9399624765478425
0.US,2021-06,Club drugs,583,4,0.6861063464837049
0.US,2021-07,Club drugs,595,14,2.3529411764705883
0.US,2021-08,Club drugs,571,13,2.276707530647986
0.US,2021-09,Club drugs,602,23,3.820598006644518
0.US,2021-10,Club drugs,445,24,5.393258426966292
0.US,2021-11,Club drugs,393,21,5.343511450381679
0.US,2021-12,Club drugs,433,19,4.387990762124711
0.US,2022-01,Club drugs,480,27,5.625
0.US,2022-02,Club drugs,500,22,4.3999999999999995
0.US,2022-03,Club drugs,708,34,4.80225988700565
0.US,2022-04,Club drugs,493,32,6.490872210953347
0.US,2022-05,Club drugs,480,24,5
0.US,2022-06,Club drugs,582,18,3.0927835051546393
0.US,2022-07,Club drugs,491,21,4.276985743380855
0.US,2022-08,Club drugs,551,18,3.2667876588021776
0.US,2022-09,Club drugs,518,11,2.1235521235521233
0.US,2022-10,Club drugs,542,6,1.107011070110701
0.US,2022-11,Club drugs,394,10,2.5380710659898478
0.US,2022-12,Club drugs,412,13,3.1553398058252426
0.US,2023-01,Club drugs,558,20,3.584229390681003
0.US,2023-02,Club drugs,584,15,2.5684931506849313
0.US,2023-03,Club drugs,627,20,3.1897926634768736
0.US,2023-04,Club drugs,488,9,1.8442622950819672
0.US,2023-05,Club drugs,567,20,3.527336860670194
0.US,2023-06,Club drugs,523,25,4.780114722753346
0.US,2023-07,Club drugs,509,10,1.9646365422396856
0.US,2023-08,Club drugs,509,8,1.5717092337917484
0.US,2023-09,Club drugs,561,12,2.13903743315508
0.US,2023-10,Club drugs,458,8,1.7467248908296942
0.US,2023-11,Club drugs,396,4,1.0101010101010102
0.US,2023-12,Club drugs,272,7,2.5735294117647056
